Barcode,spa,group
AACACTTGGCAAGGAA-1,Cavity,Wt
AACAGGATTCATAGTT-1,Cavity,Wt
AACAGGTTATTGCACC-1,Cavity,WntOverExp
AACAGGTTCACCGAAG-1,Cavity,Wt
AACAGTCAGGCTCCGC-1,Undefined,WntOverExp
AACAGTCCACGCGGTG-1,Undefined,WntOverExp
AACATACTCATATGCG-1,Cavity,Wt
AACATCTAATGACCGG-1,out,Wt
AACATCTTAAGGCTCA-1,Undefined,WntOverExp
AACATGACGCAGCGTG-1,Undefined,Wt
AACCAATCTGGTTGGC-1,Cavity,Wt
AACCACTGCCATAGCC-1,TrabBone,WntOverExp
AACCAGAATCAGACGT-1,CortBone,Wt
AACCGTGCTTATGTTG-1,out,Wt
AACCTAAGATACTGAG-1,GP,Wt
AACCTACAGAGGTAGT-1,Cavity,WntOverExp
AACCTACTGTAACTCA-1,Undefined,WntOverExp
AACCTTAGCGTCCGGT-1,out,Wt
AACGAAGCGTGGAAGT-1,TrabBone,WntOverExp
AACGAATTGACCGGTT-1,CortBone,WntOverExp
AACGAGCTAATAACTA-1,Cavity,WntOverExp
AACGCACTGGTGCTCG-1,out,WntOverExp
AACGGCACAGAATATT-1,Undefined,WntOverExp
AACGGTAATCGACCTG-1,Cavity,Wt
AACGTCGCGACAAGGT-1,Undefined,WntOverExp
AACGTGACGGTCCACC-1,Cavity,WntOverExp
AACTAGCACTGTTCGA-1,Cavity,WntOverExp
AACTAGCCTTGCAATA-1,Cavity,WntOverExp
AACTATCGTCATAGTC-1,out,Wt
AACTATCTAGCAGTAT-1,CortBone,WntOverExp
AACTATGTGCTTGTTA-1,TrabBone,Wt
AACTATTCTGCGGCCT-1,CortBone,WntOverExp
AACTCAACTTGACAGC-1,CortBone,Wt
AACTCACCGAACTTAT-1,CortBone,WntOverExp
AACTCACCTCGGTGTT-1,TrabBone,WntOverExp
AACTCACGGAGTACGT-1,Undefined,Wt
AACTCAGATCCATGCC-1,Undefined,WntOverExp
AACTGCCTCGATAGGT-1,CortBone,WntOverExp
AACTGCGAACCTTACC-1,out,WntOverExp
AACTGCGGTCCGAAGC-1,CortBone,WntOverExp
AACTGCTACCTCGATA-1,TrabBone2,Wt
AACTTCACAATAACTG-1,Undefined,WntOverExp
AACTTCAGATACTACC-1,Cavity,Wt
AACTTCAGCATGGCCG-1,Undefined,Wt
AACTTCGCTTAGTCAG-1,CortBone,WntOverExp
AACTTGCAACTTGGAC-1,Undefined,WntOverExp
AACTTGGTTACATAAC-1,Cavity,Wt
AAGAATTCTGGCTGCA-1,CortBone,Wt
AAGACTAAGGAGATCC-1,Cavity,Wt
AAGACTCAAGGCTCCA-1,Cavity,WntOverExp
AAGACTGTCATAGTGC-1,CortBone,WntOverExp
AAGAGCAGATGTGCCA-1,CortBone,WntOverExp
AAGATAGGCTTGCTTA-1,out,Wt
AAGATATTGGACGTCC-1,out,Wt
AAGATCTGTAACTTGT-1,Undefined,Wt
AAGATTAGGCTGTCTA-1,Undefined,WntOverExp
AAGATTATCTAGCATA-1,Cavity,WntOverExp
AAGCAAGAGCGTGATC-1,Undefined,WntOverExp
AAGCAGTATCAGAATC-1,Undefined,WntOverExp
AAGCAGTGAGTGCGAC-1,Cavity,Wt
AAGCAGTGGCATCACT-1,Cavity,Wt
AAGCAGTGGCTCATCC-1,Cavity,Wt
AAGCAGTGTAGAATCT-1,CortBone,WntOverExp
AAGCATTGAGTGGTTG-1,Undefined,WntOverExp
AAGCCACCATTCAAGA-1,Cavity,Wt
AAGCCACTATGTCTAA-1,Cavity,WntOverExp
AAGCCAGATCCAACAT-1,Undefined,Wt
AAGCCAGGCCGACGTG-1,Cavity,WntOverExp
AAGCCAGGTTACGAAC-1,Cavity,Wt
AAGCCATCCGTGCTAT-1,Cavity,Wt
AAGCCATCGCGATATG-1,CortBone,Wt
AAGCCATTATCGAAGG-1,out,Wt
AAGCCATTATCTGCCA-1,Cavity,Wt
AAGCGAGCCGTCCGCT-1,out,WntOverExp
AAGCGAGGAAGTGAAC-1,Cavity,WntOverExp
AAGCGTTCGTCTGTCC-1,CortBone,WntOverExp
AAGGACATAACCGCAC-1,out,Wt
AAGGAGGCACTCAATT-1,TrabBone,WntOverExp
AAGGCAGTCTGATCAC-1,CortBone,Wt
AAGGCATGAACAGCTC-1,CortBone,WntOverExp
AAGGCCAATTCAATAA-1,GP,Wt
AAGGCCAGTCGCAATT-1,GP,WntOverExp
AAGGCCGACCTACCTG-1,Cavity,Wt
AAGGCCGACTATGTAA-1,Undefined,WntOverExp
AAGGCCGATTCTGAGC-1,Cavity,Wt
AAGGCCTCGCGAGGAA-1,Cavity,Wt
AAGGCGAACTAGTAGA-1,CortBone,WntOverExp
AAGGCGAGGTTCATGT-1,CortBone,WntOverExp
AAGGTGCCGCTAAGGT-1,out,Wt
AAGGTGGATATGATCG-1,Cavity,Wt
AAGGTGTCCATTAAGA-1,CortBone,WntOverExp
AAGGTTGCTGAGTTGA-1,CortBone,WntOverExp
AAGTACTAAGGTTACG-1,out,Wt
AAGTACTACAGTAGAA-1,CortBone,WntOverExp
AAGTACTGGATGCGCA-1,Cavity,Wt
AAGTATTGTAGGTCGC-1,Undefined,Wt
AAGTCGCTATCCTGTC-1,TrabBone2,WntOverExp
AAGTCGGACACTTCAG-1,GP,WntOverExp
AAGTCTACCGGTTGGA-1,CortBone,WntOverExp
AAGTCTGTCAATTCTT-1,TrabBone,WntOverExp
AAGTCTTAAGTTGCCA-1,TrabBone,WntOverExp
AAGTGAGCCTGTTACA-1,TrabBone,Wt
AAGTGGCGAGTGTACA-1,Cavity,WntOverExp
AAGTGGTTCCTCGCGT-1,CortBone,WntOverExp
AAGTTAAGCACTATAA-1,Undefined,WntOverExp
AAGTTACTATTACATC-1,CortBone,Wt
AAGTTCCTATTGCTGG-1,TrabBone,WntOverExp
AATAACATGTGCTATG-1,Cavity,Wt
AATAACATGTTACGTC-1,Cavity,Wt
AATAACGTAACTGTGA-1,Cavity,WntOverExp
AATAACTCTACGATGT-1,CortBone,WntOverExp
AATAACTTCATACGGA-1,Undefined,Wt
AATACGCATATCCAGA-1,Undefined,WntOverExp
AATACGGTACGGCCTA-1,CortBone,WntOverExp
AATACGTAGACAGTTA-1,Cavity,Wt
AATACTAACCACTTAT-1,Cavity,Wt
AATAGATAGCCTAACC-1,TrabBone2,WntOverExp
AATAGTCGTTATCTAG-1,Cavity,Wt
AATAGTGCTCATAGAA-1,Cavity,WntOverExp
AATAGTGGAAGAGCAT-1,CortBone,Wt
AATAGTTGGTGCTCAG-1,CortBone,WntOverExp
AATATTAGGCTTCTGG-1,TrabBone,WntOverExp
AATCCGACCACGGTCC-1,out,Wt
AATCCGCCTGGTCAAT-1,Cavity,WntOverExp
AATCCGGAGCTTGTCT-1,Undefined,WntOverExp
AATCGAATGTAACAGT-1,Cavity,WntOverExp
AATCGACTATCGCTAG-1,out,Wt
AATCTATCTAACCGAG-1,Undefined,WntOverExp
AATCTGCGAGACGTTC-1,Undefined,WntOverExp
AATCTGCGTTCCTTAC-1,Undefined,WntOverExp
AATCTTAGCCTCTGTC-1,out,Wt
AATGAATCGGAAGGCA-1,Cavity,Wt
AATGCAATCACTGTCG-1,CortBone,WntOverExp
AATGCCGACGAGCAAC-1,out,Wt
AATGCCGCGATTGAGC-1,Cavity,Wt
AATGCGAACCTCGCGT-1,Cavity,Wt
AATGGCATAGTATCAT-1,Cavity,WntOverExp
AATGGTCGATACTCGG-1,out,WntOverExp
AATGGTCTCGAGCGCT-1,Undefined,WntOverExp
AATGGTGCGTCCTAAC-1,Cavity,WntOverExp
AATGGTTATTCTAGCT-1,GP,WntOverExp
AATGGTTGAGTCGGAA-1,Undefined,Wt
AATGTACTTAACATCA-1,Cavity,Wt
AATGTCAGGTCATTAC-1,TrabBone,WntOverExp
AATTAGCAACCGTTCC-1,Undefined,WntOverExp
AATTCTCAGACGCAAC-1,CortBone,WntOverExp
AATTCTCGCACCAGTA-1,Cavity,WntOverExp
AATTGCATTGAAGAAT-1,Cavity,Wt
AATTGCGGTGCTAATA-1,GP,WntOverExp
AATTGCGTCAGACACT-1,Undefined,WntOverExp
AATTGGACGGCATCGT-1,TrabBone2,WntOverExp
AATTGGAGACATGGAG-1,CortBone,WntOverExp
AATTGGCTTGAGTTGC-1,Cavity,Wt
AATTGGTTATGATACA-1,Cavity,Wt
ACAACGAGCGATCTGA-1,Undefined,Wt
ACAACGCCGATAGTAT-1,GP,WntOverExp
ACAACGTGAATTCACG-1,Undefined,WntOverExp
ACAACGTGGAGCTACT-1,out,Wt
ACAACTAACCAGTGGA-1,Undefined,Wt
ACAACTAAGGTGTTAT-1,Cavity,WntOverExp
ACAACTAAGTGGCGCT-1,Undefined,Wt
ACAACTGTCGTGGATA-1,Undefined,Wt
ACAATACACTTCCATC-1,GP,WntOverExp
ACAATACGCCTTATTC-1,Cavity,WntOverExp
ACAATATGAATCATGA-1,out,WntOverExp
ACAATTGGTCGCGTAA-1,Cavity,Wt
ACAGAATAAGAACCAT-1,GP,Wt
ACAGAATAAGATAGTG-1,Cavity,Wt
ACAGAATCTTGATAAG-1,Cavity,Wt
ACAGCCAGGCATAAGC-1,CortBone,WntOverExp
ACAGGAACTACAGAAC-1,CortBone,WntOverExp
ACAGGACTGAGCCGAT-1,CortBone,Wt
ACAGGATACCGGATTC-1,Undefined,WntOverExp
ACAGGCACGCGAGGAT-1,Undefined,WntOverExp
ACAGGTTCAGTGAACG-1,CortBone,Wt
ACATAAGACGCATATG-1,Cavity,WntOverExp
ACATCGCCACAAGAGG-1,CortBone,WntOverExp
ACATCGTCGGTCTACC-1,Cavity,Wt
ACATCTCGACAACCAC-1,TrabBone,Wt
ACATGGATGCGTAAGC-1,TrabBone,Wt
ACATGTTCACCGGCAG-1,TrabBone2,Wt
ACATGTTCCACTGATA-1,out,Wt
ACATGTTCCAGGACGT-1,CortBone,Wt
ACATGTTGCTTGATCT-1,Cavity,Wt
ACATTGAAGGCGGTGC-1,GP,WntOverExp
ACATTGGTTCTGCCGT-1,Cavity,Wt
ACATTGTACATTCTTG-1,Cavity,Wt
ACCAAGTGATGGTGAG-1,Cavity,WntOverExp
ACCAAGTGGCTGTATG-1,Cavity,WntOverExp
ACCAATGAGCCTCATC-1,CortBone,Wt
ACCAGTATGAAGTTCC-1,TrabBone,WntOverExp
ACCATTAGATCGTGGC-1,CortBone,WntOverExp
ACCGAAGATGTCGGCA-1,Undefined,Wt
ACCGAAGCCGAATTAA-1,Cavity,Wt
ACCGAGGTGATACCGA-1,Cavity,Wt
ACCGATTCCGGATACT-1,CortBone,WntOverExp
ACCGATTGAGGATCTG-1,CortBone,WntOverExp
ACCGGACGCCAAGCGT-1,Cavity,WntOverExp
ACCGGCACCATACTGC-1,TrabBone,WntOverExp
ACCGGCACGTACGAAC-1,Cavity,Wt
ACCGGCCGACCTGCAC-1,Undefined,Wt
ACCGGCCTCAGGAGTT-1,Cavity,WntOverExp
ACCGGCTATCGTGCGG-1,TrabBone,WntOverExp
ACCGTACACGACCGTC-1,Cavity,WntOverExp
ACCGTACTATCGGAGG-1,Cavity,Wt
ACCTAAGTAGAACAGA-1,Cavity,WntOverExp
ACCTAAGTGATAATCA-1,CortBone,WntOverExp
ACCTAATGTTACCAAT-1,GP,Wt
ACCTAATTGTCGCTGA-1,Cavity,Wt
ACCTATAACGAACTAC-1,Cavity,Wt
ACCTCCACAGCTACGT-1,Undefined,WntOverExp
ACCTCCTAGAGGCATG-1,TrabBone2,WntOverExp
ACCTCGCACTAAGAGC-1,Undefined,Wt
ACCTGCACTAGATGGC-1,out,WntOverExp
ACCTGCCACTATCAAT-1,Cavity,WntOverExp
ACCTGCTTATAGTTCG-1,Cavity,WntOverExp
ACCTGCTTGAGCCTGG-1,Cavity,WntOverExp
ACCTGCTTGCTACGAC-1,Cavity,Wt
ACCTGTCTGCGGTTGT-1,GP,Wt
ACCTGTGGTCACCTCG-1,CortBone,WntOverExp
ACCTTCAGACCTCGGT-1,Undefined,Wt
ACCTTGGCTCTGTAAG-1,Undefined,Wt
ACGAAGCTCATCCTCG-1,out,WntOverExp
ACGACTGAAGACTTAC-1,Cavity,WntOverExp
ACGATGCGAAGGAGCA-1,Cavity,Wt
ACGATGTCGCACAATC-1,Cavity,Wt
ACGATGTCGTTGCCAA-1,Cavity,Wt
ACGATGTTACCTCATT-1,Cavity,Wt
ACGCAACGAAGAGTAT-1,CortBone,WntOverExp
ACGCAAGGCATAAGTC-1,Undefined,WntOverExp
ACGCAATAGTATACGA-1,CortBone,WntOverExp
ACGCACATTGTAAGTA-1,Cavity,Wt
ACGCATCGTCGAGCAG-1,out,WntOverExp
ACGCCGGCATCACTGG-1,Cavity,WntOverExp
ACGCGGAAGAGTTCCG-1,Cavity,Wt
ACGCGGCTCAAGTTCA-1,Cavity,WntOverExp
ACGCGTCGGTGAGGTT-1,CortBone,Wt
ACGCGTTCCAGCCTTC-1,Undefined,WntOverExp
ACGCGTTCGCGATCAT-1,Undefined,WntOverExp
ACGGCCGTCAACGTAT-1,Cavity,Wt
ACGGCCGTGACATTAA-1,out,Wt
ACGGCTATGGCATACC-1,CortBone,Wt
ACGGCTTAACGATAGT-1,CortBone,WntOverExp
ACGGCTTATTGGTATG-1,Cavity,Wt
ACGGCTTCAGGTACCG-1,GP,WntOverExp
ACGGCTTCCATCGGAA-1,Cavity,WntOverExp
ACGGCTTGTTCAATCG-1,TrabBone,WntOverExp
ACGGTCGGACAGGCGA-1,out,Wt
ACGGTGATAATGTTAC-1,Undefined,WntOverExp
ACGGTGTACGGTGCCA-1,GP,WntOverExp
ACGGTTACATCCGAAG-1,CortBone,WntOverExp
ACGGTTCACCTTCCGG-1,Cavity,WntOverExp
ACGGTTCGTACAGTTG-1,CortBone,WntOverExp
ACGGTTCGTCCGACCG-1,CortBone,WntOverExp
ACGTCAGATTACTTCG-1,CortBone,WntOverExp
ACGTTAATACAATGAC-1,Cavity,Wt
ACGTTCACATGATCTG-1,Undefined,Wt
ACGTTCACGACTAGGT-1,Cavity,Wt
ACGTTCACTAGTTGTA-1,CortBone,WntOverExp
ACGTTCGTCCGCCTAT-1,out,Wt
ACGTTCTATGCACGAC-1,TrabBone,WntOverExp
ACGTTCTGCCATAATC-1,Cavity,Wt
ACTAATAGTCAACATA-1,Undefined,WntOverExp
ACTACAATGACCGTAA-1,Undefined,WntOverExp
ACTAGATCTGAAGCGG-1,TrabBone,WntOverExp
ACTATTAGACAGGCTG-1,TrabBone,WntOverExp
ACTATTGTTCGCACAG-1,Cavity,WntOverExp
ACTCAGCTCGAGTGTC-1,Undefined,WntOverExp
ACTCAGCTTCTGAGAC-1,Undefined,WntOverExp
ACTCAGGCCTGCAACT-1,Cavity,Wt
ACTCCAGTAGCTCCAG-1,Cavity,WntOverExp
ACTCCTATGTTCCTAC-1,Cavity,Wt
ACTCGAACGTTCGTTA-1,Undefined,WntOverExp
ACTCGATAAGACCAGG-1,Undefined,WntOverExp
ACTCGATTGATATCCA-1,Cavity,WntOverExp
ACTCGTATTGTCAGAA-1,Cavity,Wt
ACTCTAAGCTTGCGCC-1,Cavity,WntOverExp
ACTCTTGCGGAGAACC-1,out,Wt
ACTGACGGCGAATAGT-1,Cavity,Wt
ACTGACGTGATATTGG-1,Cavity,Wt
ACTGACTCTGCTGGCC-1,Undefined,WntOverExp
ACTGACTGTCATCTAC-1,CortBone,Wt
ACTGAGCAAGAACACG-1,out,WntOverExp
ACTGATAGCACGGTCT-1,Undefined,Wt
ACTGGTAAGGCCTCAG-1,out,Wt
ACTGGTGATTCCGATC-1,Undefined,WntOverExp
ACTGGTTCTGAACGAT-1,Undefined,WntOverExp
ACTGTACAATTCTACT-1,TrabBone2,WntOverExp
ACTGTAGACAAGGAAT-1,GP,WntOverExp
ACTGTAGAGTGCCGGC-1,Undefined,WntOverExp
ACTGTAGCAGCTTCTG-1,Undefined,WntOverExp
ACTGTATGATCCTCAT-1,out,Wt
ACTTAAGCCAGTAGGA-1,out,Wt
ACTTCGACGGATCATT-1,Undefined,Wt
ACTTGAAGCGAGCGGT-1,Cavity,Wt
ACTTGAATTAGCCGGT-1,Undefined,WntOverExp
ACTTGAGCACGAACAT-1,out,WntOverExp
ACTTGAGCCGTTCTTA-1,Cavity,Wt
AGAACAGGAGCATGGA-1,Cavity,WntOverExp
AGAACTTCGATGCGTA-1,Cavity,WntOverExp
AGAAGCTTGCCTCCGC-1,Undefined,WntOverExp
AGAAGGCGTAGAATAG-1,CortBone,Wt
AGAAGTTAACCAGAGC-1,CortBone,WntOverExp
AGAAGTTGAGCGCAAG-1,TrabBone,WntOverExp
AGAATTCTGTTGACAA-1,Undefined,WntOverExp
AGACAAGACGTATCGC-1,Cavity,WntOverExp
AGACATCTTAGCACCT-1,Cavity,Wt
AGACCGAACCGATGTC-1,CortBone,Wt
AGACCGCCGGCCAATG-1,Cavity,Wt
AGACCGGACTGTCCAT-1,Cavity,Wt
AGACCGGTATCCGTGG-1,Cavity,Wt
AGACCGTCACTGAGCT-1,Undefined,Wt
AGACCGTCATTAGTTA-1,Cavity,WntOverExp
AGACCTATCCTTATAG-1,Cavity,Wt
AGACCTCAGCGAGGTG-1,Cavity,Wt
AGACCTGATAACAGTG-1,out,WntOverExp
AGACGTAGGCGGACCG-1,CortBone,WntOverExp
AGACGTGGCGTTGAGT-1,CortBone,WntOverExp
AGACTACGTGCTCCAT-1,Undefined,Wt
AGACTCCGCTTCGTAT-1,CortBone,WntOverExp
AGACTCCTGTATGGCG-1,Cavity,Wt
AGACTCCTTATCATAC-1,Undefined,WntOverExp
AGACTGGTAAGGAGGT-1,Cavity,Wt
AGATAACCAATACGCC-1,Cavity,Wt
AGATAAGCCACTCATA-1,Cavity,Wt
AGATCAACTCGCTATG-1,Cavity,Wt
AGATCAGTCGATAGAA-1,Cavity,Wt
AGATGCTCCGTCATCT-1,Cavity,WntOverExp
AGATTGAGTTAGGAAC-1,Cavity,WntOverExp
AGATTGCGCCTCGCTC-1,TrabBone,WntOverExp
AGCACCTCCAATCACG-1,Undefined,Wt
AGCACGAGATAACGGT-1,Cavity,WntOverExp
AGCACGATACCTAAGC-1,out,WntOverExp
AGCACGCTCGATCTAA-1,CortBone,WntOverExp
AGCACGGAGGCAGTCA-1,CortBone,WntOverExp
AGCACGTGCACCTCTG-1,Undefined,Wt
AGCAGGTAAGTATCTG-1,CortBone,WntOverExp
AGCAGGTGCAATGGTT-1,Cavity,Wt
AGCATGCACCGCGTCA-1,CortBone,Wt
AGCCAGCGGCAAGCGT-1,TrabBone2,Wt
AGCCAGCGTTACAGTC-1,CortBone,WntOverExp
AGCCGATGTTCTACTC-1,Cavity,Wt
AGCCGGCCTATTCCAG-1,Cavity,Wt
AGCCGTATCTTCGTCT-1,Cavity,WntOverExp
AGCCGTATTCAACCGT-1,TrabBone2,Wt
AGCCGTTGCATCCTAG-1,Undefined,WntOverExp
AGCCTCCGAACTACCA-1,TrabBone,WntOverExp
AGCCTCGCATGGTCCT-1,TrabBone2,Wt
AGCGACAGCTACATCG-1,Undefined,Wt
AGCGACATTCGATCTG-1,Undefined,Wt
AGCGAGAACAGATTCT-1,Cavity,WntOverExp
AGCGAGGAACTGGTCC-1,Cavity,Wt
AGCGCATCGTGGTCGA-1,out,Wt
AGCGGAATGTCGCTGT-1,TrabBone,WntOverExp
AGCGGTACGCCGAGAA-1,CortBone,WntOverExp
AGCGGTGAGTGACATG-1,CortBone,Wt
AGCGGTGCAGGCATCT-1,CortBone,Wt
AGCGGTTAGACTCGCC-1,Cavity,Wt
AGCGTGCGCCTGATCG-1,TrabBone,WntOverExp
AGCGTGGCACCGACAA-1,Cavity,Wt
AGCGTTACAGTCCTGG-1,Undefined,WntOverExp
AGCGTTATACCTGTTG-1,CortBone,Wt
AGCGTTGGCTCACGAT-1,CortBone,Wt
AGCTAGCGTACAGTAA-1,Cavity,WntOverExp
AGCTATAGAATAGTCT-1,Cavity,Wt
AGCTCACTATGCAGTT-1,out,Wt
AGCTCGACAGGCGATA-1,CortBone,Wt
AGCTGACGTAACGCTG-1,TrabBone,WntOverExp
AGCTGTCCAGATGCTA-1,Cavity,WntOverExp
AGCTTGAGTCAGGCCG-1,Cavity,Wt
AGCTTGGATGCAAGCC-1,Undefined,WntOverExp
AGGAATTACGGTGACG-1,out,Wt
AGGACCAGTAACCTAA-1,Undefined,WntOverExp
AGGACCAGTGCGCCAG-1,Undefined,Wt
AGGACCGTAGATGCTA-1,Cavity,WntOverExp
AGGACGAAGCCTCCTT-1,Undefined,WntOverExp
AGGACGTCGGCACGAA-1,Cavity,WntOverExp
AGGACTAGGACCGCAG-1,CortBone,WntOverExp
AGGACTGAAGTGCCTT-1,Cavity,Wt
AGGACTGGATGAAGAC-1,Cavity,WntOverExp
AGGAGCATAATCCACT-1,TrabBone,Wt
AGGAGCATCACTCAGC-1,Undefined,WntOverExp
AGGAGCCGCTGAGTAG-1,out,Wt
AGGATAACCGGTCGGA-1,Cavity,Wt
AGGATAGAGTTAATCA-1,out,WntOverExp
AGGATAGGCTCAGTTG-1,Undefined,Wt
AGGATATCGCGAATAC-1,Cavity,Wt
AGGATCGAGCACCGCC-1,CortBone,WntOverExp
AGGATCTTAATGGTGA-1,Undefined,Wt
AGGCAACTAGCGTACC-1,Cavity,Wt
AGGCATGCATGGAATT-1,Undefined,Wt
AGGCATTAAGTCTGGC-1,TrabBone,WntOverExp
AGGCATTACTATAGTA-1,Cavity,WntOverExp
AGGCCGCAGAATAACG-1,Cavity,WntOverExp
AGGCCTTGTCGTTGAT-1,out,Wt
AGGCTTAGCATTAACC-1,Undefined,Wt
AGGTACAGCTATGATA-1,GP,WntOverExp
AGGTACCAGACGCCAG-1,Undefined,WntOverExp
AGGTCTTCCATCGCCG-1,CortBone,Wt
AGGTGAAGTGACGACT-1,Cavity,WntOverExp
AGGTGAGCAATGTCTT-1,Cavity,Wt
AGGTGAGGTAGAATAC-1,Undefined,Wt
AGGTGATTGGCGGTAT-1,CortBone,Wt
AGGTGGACTTGCCACC-1,Undefined,WntOverExp
AGGTGGCACTTGTCAG-1,Cavity,Wt
AGGTTACATTCCACGC-1,out,Wt
AGGTTGAGTAGGAGAT-1,CortBone,Wt
AGTAACCGCAGGTCAA-1,CortBone,WntOverExp
AGTAAGCTCGGCCAAT-1,Cavity,Wt
AGTACATATGTAGGAA-1,Undefined,WntOverExp
AGTACCGAACCGCAAT-1,Undefined,Wt
AGTACCGTTGTACGCC-1,Cavity,WntOverExp
AGTAGAGCATGGACGT-1,Cavity,WntOverExp
AGTATTAGCTGATCGA-1,Undefined,Wt
AGTATTCAGCTGAATG-1,Cavity,Wt
AGTATTCGTCGGTATC-1,TrabBone,WntOverExp
AGTATTGATTGAGTCA-1,GP,Wt
AGTATTGGTATGTCTA-1,Cavity,WntOverExp
AGTCACTTATTCAAGG-1,Cavity,Wt
AGTCGGACCGTGCTTA-1,Cavity,WntOverExp
AGTCGGTCTAATCTGT-1,CortBone,Wt
AGTCGGTTATACATAG-1,GP,WntOverExp
AGTCGGTTGGTTGGCG-1,Undefined,WntOverExp
AGTCGTTGCCTTACCT-1,out,Wt
AGTCTAGGATTGTCAC-1,Undefined,WntOverExp
AGTGCAATAACTAACA-1,Cavity,Wt
AGTGCCAGATGCTCTG-1,CortBone,WntOverExp
AGTGCGCAACATGCGT-1,Cavity,Wt
AGTGGTATGTCCAAGT-1,Cavity,WntOverExp
AGTGTAAGCCTGCAAG-1,Undefined,Wt
AGTGTAAGTCCATACA-1,CortBone,WntOverExp
AGTGTACCTCTGTATG-1,Cavity,WntOverExp
AGTGTCATGGTTGTGG-1,CortBone,Wt
AGTGTCGTGGCATGTT-1,Undefined,Wt
AGTGTCTAGGCTAATA-1,TrabBone,WntOverExp
AGTGTCTGAACTGTGG-1,Undefined,WntOverExp
AGTGTCTTAAGCTTGT-1,GP,WntOverExp
AGTGTTCGAGGATGAA-1,Cavity,Wt
AGTTAACGAGCCACTC-1,Undefined,Wt
AGTTAAGACTGGCTCC-1,Cavity,Wt
AGTTACCTCACCAGCA-1,Cavity,Wt
AGTTATCCTGAACGAA-1,Cavity,WntOverExp
AGTTCAGTTCATACAT-1,Cavity,WntOverExp
AGTTCGGCACATACGG-1,TrabBone,WntOverExp
AGTTCGTCTAGTGCAG-1,Cavity,Wt
AGTTCGTGCATGTCGA-1,CortBone,WntOverExp
AGTTGGAAGAGTATTG-1,Undefined,Wt
AGTTGGACGTTGGTAT-1,Cavity,WntOverExp
AGTTGGCAACGTTGTC-1,Undefined,Wt
AGTTGGCACCAGTTAC-1,Cavity,Wt
AGTTGTACTTAATGGA-1,CortBone,WntOverExp
AGTTGTCCACAGACCA-1,Cavity,WntOverExp
ATAACCTAGAACCTGC-1,Cavity,WntOverExp
ATAACGAAGAGCACGC-1,CortBone,Wt
ATAAGAATCATGCATC-1,Undefined,Wt
ATAAGACCAATCGCGG-1,Cavity,WntOverExp
ATAAGGAATAGAACAT-1,CortBone,WntOverExp
ATAAGGCGGACAAGTT-1,GP,WntOverExp
ATAATCGTAGTTATTC-1,Undefined,WntOverExp
ATAATTAGTTCTACGG-1,out,Wt
ATAATTATCGACCACG-1,Undefined,WntOverExp
ATACAAGGTCAGTAGA-1,Cavity,Wt
ATACAATTGCGGTATT-1,Cavity,Wt
ATACATCACGCCTTCT-1,Cavity,Wt
ATACATCATGCACCAA-1,Cavity,WntOverExp
ATACGGCACGTTACGA-1,Undefined,WntOverExp
ATACTAGCCACTTCGC-1,Cavity,Wt
ATACTAGCCATTAGTT-1,Cavity,WntOverExp
ATACTATGGTTACATT-1,GP,Wt
ATACTGGAGGATAACG-1,Cavity,WntOverExp
ATAGAACCTCTACCGA-1,CortBone,WntOverExp
ATAGAACGTTCGATCT-1,Cavity,WntOverExp
ATAGAAGGAGCAGTAG-1,out,WntOverExp
ATAGAATTCTAGGCCG-1,Undefined,WntOverExp
ATAGACATGGCTATGG-1,CortBone,WntOverExp
ATAGATTGAGTTCGAG-1,Cavity,WntOverExp
ATAGCACCTGCTGTCT-1,CortBone,WntOverExp
ATAGCTATTCGCACTC-1,Cavity,Wt
ATAGGCCGATAGAAGT-1,Undefined,Wt
ATAGGCCGATGATCTA-1,Cavity,WntOverExp
ATAGTACTATGGTTCT-1,CortBone,Wt
ATAGTCCGCCGTTGGC-1,TrabBone,WntOverExp
ATAGTGAGTGAGGATT-1,Cavity,WntOverExp
ATAGTTAAGCCTGCCG-1,out,Wt
ATAGTTAGTCCTTAAT-1,Undefined,Wt
ATAGTTCCTAGGCCGG-1,out,WntOverExp
ATCACCAGTTCGGCGA-1,Cavity,WntOverExp
ATCACTTAGGCCTTGT-1,Cavity,WntOverExp
ATCAGATACCAGCTGT-1,Cavity,Wt
ATCAGTAAGCTCGCCG-1,Cavity,Wt
ATCATTCACCAGATTG-1,Cavity,WntOverExp
ATCATTCCAACTTCGC-1,CortBone,WntOverExp
ATCATTGTCCATGCCA-1,TrabBone,WntOverExp
ATCCAACGCCACATCG-1,TrabBone2,WntOverExp
ATCCACTCGTACTCGG-1,CortBone,Wt
ATCCGAGTACCACGTG-1,CortBone,WntOverExp
ATCCGAGTCACTTGTA-1,Undefined,Wt
ATCCGATGACCTCGGA-1,Cavity,Wt
ATCCGATGTCTGTCAC-1,CortBone,Wt
ATCCGGATGACGTAAC-1,TrabBone,WntOverExp
ATCCGGTATCACAAGT-1,Cavity,WntOverExp
ATCCGTAGCTTCAGTA-1,Cavity,WntOverExp
ATCCGTAGTGTCGCTC-1,Cavity,WntOverExp
ATCCGTGGAACTTCAA-1,CortBone,Wt
ATCCTCCAGCCATTGT-1,Undefined,Wt
ATCCTCGTTCCAGGCC-1,TrabBone,WntOverExp
ATCGAACATGCTAAGC-1,out,Wt
ATCGAACTCGTCCGGC-1,Undefined,Wt
ATCGACTAAGTACTGC-1,Undefined,Wt
ATCGATGTCAGATAGA-1,Undefined,WntOverExp
ATCGCAATGCACTAAC-1,CortBone,Wt
ATCGCAGTAACTTATT-1,Cavity,WntOverExp
ATCGCAGTAATATCAG-1,CortBone,WntOverExp
ATCGCAGTCTATGGCA-1,Cavity,WntOverExp
ATCGGCTCTATGCCTC-1,TrabBone,WntOverExp
ATCGTAACTACCTCTT-1,Cavity,WntOverExp
ATCGTAATCCACATGC-1,Undefined,WntOverExp
ATCGTACACCTATGCC-1,TrabBone,WntOverExp
ATCGTACCGCGTACGC-1,out,Wt
ATCGTAGCATGTAGAT-1,TrabBone2,Wt
ATCGTATTACTCGGAG-1,TrabBone,WntOverExp
ATCGTATTGGAATCCT-1,Undefined,WntOverExp
ATCGTCACCATGTCAC-1,CortBone,Wt
ATCGTCAGTTAGTCCA-1,TrabBone,WntOverExp
ATCTACAGGAGTGCAC-1,CortBone,WntOverExp
ATCTACCATATTCCAG-1,Cavity,Wt
ATCTACGACAGCTCTT-1,Undefined,WntOverExp
ATCTCCTTGCGATACA-1,Cavity,WntOverExp
ATCTGAAGTATGCACG-1,out,Wt
ATCTGACCGGAGTCCT-1,Cavity,Wt
ATCTGAGGAACGGTTG-1,Cavity,Wt
ATCTGCCGTCTACAGC-1,Undefined,WntOverExp
ATCTGGATCCTCAGAC-1,CortBone,Wt
ATCTTAGACGCCTACT-1,Cavity,Wt
ATCTTAGACTTGATCT-1,Undefined,Wt
ATCTTAGATAGGTTCA-1,out,Wt
ATCTTAGTGGCATGGA-1,CortBone,WntOverExp
ATCTTATCAGCAATAC-1,out,WntOverExp
ATCTTCGGACATACTA-1,Cavity,Wt
ATCTTGGCTTCGTCCT-1,CortBone,WntOverExp
ATGAACAATCGATGCG-1,CortBone,Wt
ATGAAGCTGAATCCAG-1,CortBone,Wt
ATGACCTCACTTAACC-1,Cavity,WntOverExp
ATGAGCTACTGGACAT-1,out,Wt
ATGAGCTATTCGAAGA-1,CortBone,Wt
ATGAGTCTTAGGAAGG-1,Undefined,Wt
ATGATTGATTCCGAAT-1,Undefined,WntOverExp
ATGCATCCTGACTCAC-1,Cavity,WntOverExp
ATGCATGCCTGCGATG-1,Cavity,Wt
ATGCATGGTTGCTGTA-1,Undefined,WntOverExp
ATGCATGTATGTGAGT-1,Cavity,Wt
ATGCATGTCGATGTGG-1,Undefined,Wt
ATGCCAGCTGCCATCT-1,Cavity,Wt
ATGCCGTCGATAAGAC-1,Cavity,Wt
ATGCTACTGAATAGTA-1,CortBone,Wt
ATGCTCATGCCTGCCT-1,out,Wt
ATGCTCCAACCTGGCC-1,CortBone,Wt
ATGCTCCGTTCTACTG-1,TrabBone,WntOverExp
ATGCTCGCCTCCAATT-1,Undefined,WntOverExp
ATGCTGAATGCAATAG-1,CortBone,Wt
ATGCTGCCGGCATACT-1,CortBone,WntOverExp
ATGCTGCCTACTGCAT-1,Undefined,WntOverExp
ATGCTGCGGAACTACC-1,Undefined,Wt
ATGCTGCGGATGGTTG-1,Cavity,WntOverExp
ATGCTGGCTTACTACA-1,Cavity,Wt
ATGCTTACTCTAGGAA-1,Cavity,Wt
ATGCTTGGACGAACTT-1,Cavity,Wt
ATGGAGGCCACGGCTT-1,CortBone,Wt
ATGGAGGTTCACCGGT-1,Undefined,Wt
ATGGAGTAATCGGACC-1,Cavity,WntOverExp
ATGGCATTATGGCTCG-1,Cavity,WntOverExp
ATGGTAACGGACCGGA-1,Cavity,Wt
ATGTAATTGTCGTTCG-1,Cavity,WntOverExp
ATGTACATCGTGGTTA-1,Undefined,WntOverExp
ATGTACATGAACTCCG-1,Cavity,WntOverExp
ATGTACCGATCCAGAA-1,out,Wt
ATGTACTACCGACTTC-1,Cavity,WntOverExp
ATGTACTAGAGGAATT-1,CortBone,WntOverExp
ATGTACTCTGCAGCAC-1,Cavity,Wt
ATGTAGAAGCGAATAG-1,TrabBone2,Wt
ATGTAGGTAACCGTAC-1,Cavity,WntOverExp
ATGTAGGTTGGCGAGG-1,CortBone,WntOverExp
ATGTATCCAAGGTGGC-1,CortBone,WntOverExp
ATGTATCCATAAGTTG-1,Undefined,WntOverExp
ATGTATGTTATTGAAG-1,Undefined,Wt
ATGTCGGACTGAAGTA-1,Cavity,Wt
ATGTCGGATAAGCCGA-1,Cavity,Wt
ATGTCGGCTGTCGTAA-1,Undefined,WntOverExp
ATGTCGTTACCAGACG-1,GP,Wt
ATGTCTGCGTTGCAGC-1,Cavity,WntOverExp
ATGTGAATCCATACGA-1,CortBone,WntOverExp
ATGTGAATTGCTGACC-1,Undefined,WntOverExp
ATGTGCTTGTGCTACC-1,out,WntOverExp
ATGTTAAGATTACTGA-1,TrabBone,WntOverExp
ATGTTACGCCATTCCT-1,out,Wt
ATGTTAGACTATCTCA-1,Undefined,Wt
ATGTTCGCAGAAGTCT-1,CortBone,Wt
ATGTTCTGCCTTATCT-1,Cavity,Wt
ATTAAGAACAGCTCCG-1,CortBone,WntOverExp
ATTACATGTTATTGAC-1,Undefined,Wt
ATTACATTGAAGTATG-1,CortBone,Wt
ATTACCTTCGCAGAAG-1,Cavity,Wt
ATTACTCCGTGAAGCG-1,Cavity,WntOverExp
ATTACTGAGTGCCTCC-1,TrabBone,Wt
ATTACTGTACGCGGTG-1,CortBone,Wt
ATTACTGTCGCATATT-1,Cavity,Wt
ATTACTTGAGCAAGAT-1,out,WntOverExp
ATTAGACCAAGTATAC-1,Cavity,Wt
ATTAGATAAGACGGCG-1,Cavity,WntOverExp
ATTAGCAGGATGTATT-1,Undefined,WntOverExp
ATTAGCCTCACTTCTA-1,Cavity,WntOverExp
ATTAGCCTCAGTAGAT-1,Cavity,Wt
ATTAGCGAGCATGCTG-1,Undefined,Wt
ATTAGTGAGGTATCGC-1,Undefined,Wt
ATTATCACAACTCGGC-1,TrabBone,WntOverExp
ATTATCCATTGTGACA-1,out,Wt
ATTATCGAGTGCAGAT-1,CortBone,Wt
ATTATCTTATTGAGAC-1,Undefined,WntOverExp
ATTATGATACTGCGCA-1,Cavity,Wt
ATTATGCCATCGTTAA-1,Undefined,Wt
ATTCAAGATTAGTTGC-1,Cavity,WntOverExp
ATTCACATAGGATGAG-1,Cavity,Wt
ATTCACATCTTATTCT-1,Cavity,Wt
ATTCACCTGACCAGTT-1,Cavity,WntOverExp
ATTCACGCTGTTATCG-1,Cavity,WntOverExp
ATTCACTCACGTGCAC-1,Cavity,WntOverExp
ATTCAGCTCCTACTAA-1,CortBone,WntOverExp
ATTCATAGCGAAGCGT-1,TrabBone,WntOverExp
ATTCCATTGTGAACGC-1,CortBone,WntOverExp
ATTCCGCAACGCCGCT-1,CortBone,WntOverExp
ATTCCGCTCCATCAGC-1,Cavity,Wt
ATTCCGGTTACATACC-1,Cavity,WntOverExp
ATTCCGTAAGGATTCC-1,Cavity,WntOverExp
ATTCCTTCGAAGGTGC-1,Undefined,WntOverExp
ATTCGCTCGCGGAGGC-1,Cavity,WntOverExp
ATTCGGAAGCTATTAC-1,Cavity,WntOverExp
ATTCGTGCCGACATGT-1,Undefined,WntOverExp
ATTCGTTAGAATTCGG-1,CortBone,Wt
ATTCTAACGCCTGTTA-1,Undefined,Wt
ATTCTACAGCCAGCAC-1,Undefined,Wt
ATTCTACGTGGCAGAT-1,CortBone,Wt
ATTCTAGGACATCAGT-1,TrabBone,WntOverExp
ATTCTGAGTACTGTAG-1,Cavity,Wt
ATTCTTGGAGTGATAG-1,CortBone,Wt
ATTGACGCATCTCAAC-1,GP,WntOverExp
ATTGACGCCACCTTCT-1,out,WntOverExp
ATTGACGCCAGCCAAG-1,TrabBone2,Wt
ATTGACTGAATACTAT-1,Undefined,Wt
ATTGACTTATGTGGTA-1,Undefined,WntOverExp
ATTGATAACACTAAGA-1,Cavity,Wt
ATTGCACGACCACTTG-1,Cavity,Wt
ATTGCACGCATAACAG-1,Undefined,WntOverExp
ATTGCAGTTCTTCATT-1,CortBone,Wt
ATTGCATATTGTTATC-1,Cavity,WntOverExp
ATTGCATCACTGACTG-1,Cavity,WntOverExp
ATTGCCTGATGTGCGG-1,out,Wt
ATTGGCACCACGCCAT-1,Undefined,Wt
ATTGGCCTTCCGTGCA-1,CortBone,WntOverExp
ATTGGCTAACAGACAA-1,TrabBone2,WntOverExp
ATTGTTAAGTAGACTA-1,CortBone,Wt
ATTGTTACGACTAGCG-1,Undefined,Wt
ATTGTTATACTTCACG-1,Cavity,Wt
CAACAGGTCAGAGGAC-1,Cavity,WntOverExp
CAACCGTACTGATCTT-1,CortBone,WntOverExp
CAACCGTATTACTGTA-1,TrabBone,WntOverExp
CAACGCTTGCTCCTAC-1,CortBone,WntOverExp
CAACGGCACTCAGTCC-1,Cavity,Wt
CAACTGCATTCGACTC-1,CortBone,WntOverExp
CAACTGCTGGAGTTAT-1,CortBone,WntOverExp
CAACTTGGTACGATGT-1,CortBone,Wt
CAAGACCACTATCGAA-1,Cavity,WntOverExp
CAAGATAAGTGCAATG-1,Undefined,WntOverExp
CAAGATTACCGATCAT-1,CortBone,WntOverExp
CAAGATTAGATGAGTT-1,Undefined,WntOverExp
CAAGATTCGTCAGCTG-1,Undefined,Wt
CAAGCCGCCATAGAGG-1,TrabBone,WntOverExp
CAAGCCTCCACTATCT-1,Undefined,WntOverExp
CAAGGCAAGATTAGCA-1,Undefined,Wt
CAAGTACTCCGCATCG-1,CortBone,WntOverExp
CAAGTACTTATTAAGC-1,Undefined,Wt
CAAGTACTTCAATAGT-1,Cavity,WntOverExp
CAAGTAGCCTCGATCC-1,Undefined,WntOverExp
CAAGTCCGCTACCGTT-1,Undefined,WntOverExp
CAAGTCGCAGTCACTC-1,Undefined,WntOverExp
CAAGTGTTCGCCACGC-1,Cavity,Wt
CAAGTGTTGACGGCCA-1,CortBone,WntOverExp
CAATAAGGTAACTCGT-1,Cavity,Wt
CAATCGTCGGAGCATG-1,Cavity,Wt
CAATCGTGAAGTGATA-1,Undefined,WntOverExp
CAATCTATGAGGTCAG-1,Undefined,WntOverExp
CAATGCAGATCATAGA-1,out,WntOverExp
CAATGCATCATTATGC-1,out,Wt
CAATGCATTGACGGCA-1,TrabBone,Wt
CAATTGAACCGGCTCG-1,Cavity,WntOverExp
CAATTGTTGACGTGAG-1,Cavity,Wt
CACCATTCTTACGAGC-1,Undefined,WntOverExp
CACCGAGTCTTGGACA-1,CortBone,WntOverExp
CACCTACCGCTACCTT-1,Undefined,WntOverExp
CACCTAGAATACTTCT-1,CortBone,Wt
CACCTAGACGAGCCGG-1,CortBone,Wt
CACCTCGAGCGATGCT-1,Cavity,WntOverExp
CACCTCGAGGACTCTA-1,Undefined,WntOverExp
CACCTTAGCTATTGTC-1,Cavity,Wt
CACGAACGGTCTTCAG-1,out,WntOverExp
CACGACCTCCGTCATA-1,Cavity,Wt
CACGAGGCCATCCACT-1,Cavity,Wt
CACGAGGTATAGGTAT-1,Cavity,Wt
CACGCCACAATCGCAC-1,TrabBone,WntOverExp
CACGCTTATCAATCTT-1,Cavity,Wt
CACGGATTCTCATCAC-1,Cavity,Wt
CACGGCGACGGTGCCT-1,GP,Wt
CACGGCGATACATACG-1,Undefined,Wt
CACGGCGTCAGCCTGC-1,Cavity,WntOverExp
CACGGCTTACTCCGTT-1,CortBone,Wt
CACGGTCTTGGTTAAT-1,Cavity,Wt
CACGTAGGTAGGCTGA-1,Cavity,WntOverExp
CACGTCAAGTGCGATC-1,Cavity,WntOverExp
CACGTCCATCTACTGA-1,Cavity,Wt
CACGTGCCAGAATTCT-1,CortBone,WntOverExp
CACGTTGCACATACCG-1,CortBone,Wt
CACTACTGCGGAATTG-1,CortBone,WntOverExp
CACTACTGGCTGAACC-1,CortBone,WntOverExp
CACTAGTCGACATCTA-1,Cavity,Wt
CACTCAAGGCGGCACT-1,out,Wt
CACTCAATAAGCCGAA-1,Cavity,WntOverExp
CACTCAATGGTTCGGA-1,CortBone,Wt
CACTCAGTACTCCGCT-1,Undefined,WntOverExp
CACTCAGTGGTCCTTC-1,CortBone,Wt
CACTCATCACGTTACG-1,Cavity,Wt
CACTCGTAGGCCACGG-1,Undefined,Wt
CACTGGATCGATACGA-1,CortBone,WntOverExp
CACTGGCGGTAACACC-1,GP,WntOverExp
CACTGGTGAGACGCTT-1,Cavity,Wt
CAGAACATGCCTAGTG-1,Undefined,Wt
CAGAACGTATCGACTT-1,CortBone,Wt
CAGAAGTCGCGGTTAT-1,Cavity,WntOverExp
CAGACACTTACAAGAC-1,Undefined,Wt
CAGACAGTCGGATCTG-1,CortBone,WntOverExp
CAGACGAATGAGGAAC-1,Cavity,WntOverExp
CAGACGCAGTAGGTCT-1,TrabBone,WntOverExp
CAGAGCAATGGCTTCT-1,Undefined,WntOverExp
CAGAGGCACTTAAGTC-1,CortBone,WntOverExp
CAGAGGCAGCACATGG-1,Cavity,WntOverExp
CAGAGTCAATCCGCTG-1,out,WntOverExp
CAGAGTCATGTACAGG-1,out,Wt
CAGATACAGCACTCGT-1,CortBone,WntOverExp
CAGATATGTCCTTAAG-1,Undefined,Wt
CAGATTATCATAACGC-1,Cavity,WntOverExp
CAGCACGCTAATCAGA-1,TrabBone2,WntOverExp
CAGCCAACGATAGCTT-1,Undefined,WntOverExp
CAGCCAGTCCTGTCGG-1,Cavity,WntOverExp
CAGCTCACGCACTAGA-1,out,Wt
CAGCTCCTCGGATTCT-1,Cavity,WntOverExp
CAGCTGGATGCGGCTA-1,Cavity,WntOverExp
CAGCTGGCGATAAGTG-1,Undefined,WntOverExp
CAGCTGTTGCCGGAGT-1,Undefined,Wt
CAGCTTCACTACCGTG-1,CortBone,WntOverExp
CAGCTTGACGCCATTA-1,Undefined,Wt
CAGCTTGGTTCGGTCG-1,Cavity,Wt
CAGGACAGAAGGCTGG-1,TrabBone2,Wt
CAGGACATGGTAATGC-1,Cavity,WntOverExp
CAGGACCTACATAGTC-1,Undefined,Wt
CAGGCCAACGGTCGTA-1,TrabBone,WntOverExp
CAGGCCGTATCTGTTA-1,Cavity,Wt
CAGGCGAGGTCTTGGA-1,Cavity,Wt
CAGGTACCACTCGCGG-1,Undefined,Wt
CAGGTTCCACTAATCC-1,Undefined,Wt
CAGTATACTGCAGCAA-1,Undefined,WntOverExp
CAGTATCTTACACTAA-1,GP,Wt
CAGTATGCGTGGCGCT-1,Cavity,WntOverExp
CAGTCAGCCGATCCGG-1,Cavity,Wt
CAGTCTCACTTAAGCA-1,CortBone,WntOverExp
CAGTCTGGTAATCTAC-1,Cavity,Wt
CAGTCTGTGGCGCTGC-1,Undefined,WntOverExp
CAGTGAACAGCAACGA-1,Cavity,WntOverExp
CAGTGAAGATACATAA-1,CortBone,Wt
CAGTGCCTTGCGGTCT-1,Cavity,Wt
CAGTTGCACGGACAGG-1,Undefined,WntOverExp
CAGTTGCGACTTCTCG-1,Cavity,Wt
CAGTTGCTCACGTGTC-1,Cavity,WntOverExp
CATAGAACATTGAACA-1,Cavity,WntOverExp
CATAGCTTGACAACGG-1,Undefined,WntOverExp
CATATGTTGACTGGCG-1,Undefined,Wt
CATATTCATCCGCATT-1,CortBone,Wt
CATCAGATACTAATCG-1,CortBone,Wt
CATCAGGTAGGACCGT-1,Undefined,WntOverExp
CATCAGGTGCCTGATA-1,CortBone,WntOverExp
CATCAGTAATCAGACA-1,out,Wt
CATCCGAAGCGTATGG-1,TrabBone,WntOverExp
CATCCGTGCGGTCTAC-1,Cavity,Wt
CATCCGTGGTCGTAAG-1,TrabBone2,WntOverExp
CATCCGTTAAGCGTGC-1,Cavity,WntOverExp
CATCCTAGTGGTATGT-1,Undefined,Wt
CATCGCGGATGATATG-1,Cavity,WntOverExp
CATCGGCCTGCATATC-1,Cavity,Wt
CATCTGGCCATACTAG-1,Undefined,Wt
CATCTGGCGAATGTCG-1,out,Wt
CATGATACTCAGGATT-1,Undefined,Wt
CATGATAGGCCATGAG-1,Cavity,Wt
CATGATGCATGTGCTA-1,CortBone,Wt
CATGCACGCCGACGGA-1,out,Wt
CATGCAGAAGTCAGGA-1,CortBone,WntOverExp
CATGCATATGACGTCG-1,CortBone,Wt
CATGCGCTACTGGAGG-1,Cavity,WntOverExp
CATGCTCATCTGAACG-1,Cavity,WntOverExp
CATGTCCACCTGCGTC-1,Cavity,Wt
CATGTTATTGATGCAG-1,Undefined,WntOverExp
CATGTTGAGCCGGAAC-1,CortBone,Wt
CATTAACTATTGTTCC-1,CortBone,WntOverExp
CATTAAGTAGCTTACC-1,Undefined,Wt
CATTAGGATAGTGAAT-1,Cavity,WntOverExp
CATTAGGCAATGGTTA-1,CortBone,WntOverExp
CATTCTCCAGTCACCA-1,CortBone,Wt
CATTGCGTGCCACCTT-1,Cavity,WntOverExp
CATTGCTATGTTAGCT-1,Cavity,Wt
CATTGGCGGTTGAGTC-1,TrabBone2,Wt
CCAACAGGAACACGGT-1,TrabBone2,WntOverExp
CCAACTTGCCACCGTA-1,Cavity,WntOverExp
CCAAGCCTGTATTAAT-1,out,Wt
CCAAGCTGGCCATTGC-1,CortBone,Wt
CCAATACCAACACGCC-1,CortBone,WntOverExp
CCAATAGCGGTACGTG-1,Undefined,Wt
CCAATCTAACGTGACG-1,TrabBone,WntOverExp
CCACGAACGCTGCCGC-1,Cavity,Wt
CCACGATCCTAATCCG-1,TrabBone,WntOverExp
CCACGTCGGTCGCTTC-1,Cavity,Wt
CCACGTGCCACCTCAA-1,CortBone,WntOverExp
CCACTAATCACCGGTA-1,Undefined,WntOverExp
CCACTCTGTAGTCGGA-1,Undefined,Wt
CCAGACAGAACCTAAG-1,Cavity,WntOverExp
CCAGACATCCGGTTCT-1,Cavity,WntOverExp
CCAGACATCGGCACGC-1,CortBone,WntOverExp
CCAGACCAGCGGCAAG-1,out,Wt
CCAGATAGACGAGGTG-1,Cavity,WntOverExp
CCAGATGATATGTAGG-1,CortBone,Wt
CCAGATTGTAGCCTAC-1,Cavity,Wt
CCAGCACTCGACTGAC-1,CortBone,WntOverExp
CCAGGTCCACATCCAT-1,CortBone,Wt
CCAGTGTCACAGCGCC-1,Undefined,WntOverExp
CCAGTGTCTAGCTACG-1,Undefined,Wt
CCAGTTGTGATGCAAG-1,out,WntOverExp
CCATAGCCGTACGCAC-1,Undefined,Wt
CCATAGTATTGTCTGC-1,TrabBone,WntOverExp
CCATAGTTCGAGTAAG-1,Undefined,Wt
CCATCTGTGGCATCGT-1,CortBone,WntOverExp
CCATGAACATCGTTGG-1,Cavity,WntOverExp
CCATTATCGTTACCTT-1,out,WntOverExp
CCATTCGTCTGCTCTA-1,Cavity,WntOverExp
CCGACAACGTCATCGG-1,TrabBone,WntOverExp
CCGACAAGACTGTACT-1,Cavity,WntOverExp
CCGACAAGGCACGGTT-1,Undefined,Wt
CCGACAGACTGTGCCT-1,TrabBone,WntOverExp
CCGAGTAATACACGAG-1,CortBone,Wt
CCGATAATGGAGCCTT-1,Cavity,Wt
CCGATTAGCGAGTGTA-1,Cavity,Wt
CCGATTCCATAAGAGT-1,CortBone,WntOverExp
CCGATTCCTCACTACA-1,Cavity,WntOverExp
CCGCAAGGAAGGAGGC-1,Undefined,WntOverExp
CCGCAAGGTACCGTTG-1,Cavity,Wt
CCGCAAGTAGCGGACT-1,CortBone,Wt
CCGCAATCCGTGGTTG-1,CortBone,Wt
CCGCATGTAGTTAGAC-1,Undefined,WntOverExp
CCGCCACTGCGTTGGC-1,Undefined,WntOverExp
CCGCCATACTTCACCA-1,CortBone,WntOverExp
CCGCGTCGTTGGTCTG-1,Cavity,WntOverExp
CCGCGTTACCTTGGCG-1,Cavity,WntOverExp
CCGCTCAATCTGGAAC-1,out,WntOverExp
CCGCTCATACAAGTCA-1,CortBone,Wt
CCGCTCGCTAGTCTAA-1,Cavity,Wt
CCGCTGTCACCTGCAA-1,Cavity,Wt
CCGGAGAAGCTAACCA-1,Cavity,Wt
CCGGAGACAAGAATAA-1,Undefined,Wt
CCGGCAATGAAGTGAA-1,Undefined,WntOverExp
CCGGCGAACATCACGT-1,CortBone,WntOverExp
CCGGCGAACCGTGCAC-1,Cavity,WntOverExp
CCGGCGAATGTACAGG-1,Undefined,Wt
CCGGCGAGAATATTGA-1,Cavity,WntOverExp
CCGGCGCAGCATGCGA-1,Cavity,Wt
CCGGCGTCCTCATTGT-1,CortBone,WntOverExp
CCGGTGGAGCTGGCTC-1,GP,Wt
CCGTATAATCTGGCCG-1,Cavity,Wt
CCGTCTTATGGACGAG-1,Cavity,Wt
CCGTGAAGGATAACAG-1,Cavity,WntOverExp
CCGTGGCGTCGGTGCT-1,out,WntOverExp
CCTAACGCTGATGTCT-1,out,Wt
CCTAACTACGAATATG-1,GP,Wt
CCTAACTTATGTTGGA-1,CortBone,WntOverExp
CCTAAGCATGCCTTGT-1,TrabBone,WntOverExp
CCTAAGGTTACAGTAA-1,GP,Wt
CCTAATCAGGCCATTA-1,Undefined,WntOverExp
CCTAATCCACAAGGAT-1,Cavity,WntOverExp
CCTAATGGCACTGTTC-1,CortBone,WntOverExp
CCTACACCGACATTAC-1,CortBone,Wt
CCTACCACTCCAGTTA-1,TrabBone,WntOverExp
CCTACCATCGCAGTAT-1,Undefined,WntOverExp
CCTACCATGTGATCAC-1,CortBone,Wt
CCTACGAGCTGGCCGG-1,Cavity,WntOverExp
CCTAGCCTAGTACCGG-1,Cavity,Wt
CCTAGCCTTCATCGGC-1,Cavity,Wt
CCTAGTCAGCGAACCA-1,Undefined,Wt
CCTAGTCAGTCCTTAT-1,Undefined,WntOverExp
CCTATCTATCAATCGC-1,out,Wt
CCTATGCCAGCAATCC-1,Cavity,Wt
CCTATGCCTTCTTGTT-1,Cavity,WntOverExp
CCTATGTCTTACCGGC-1,Cavity,Wt
CCTCACAATACAACTG-1,GP,WntOverExp
CCTCACATGTCTTACT-1,Cavity,WntOverExp
CCTCACCTAGTGGCAA-1,Cavity,WntOverExp
CCTCATGATTATCTGA-1,TrabBone2,WntOverExp
CCTCGATAGAATAGGA-1,Cavity,WntOverExp
CCTCGGATCTTGCGGT-1,Cavity,Wt
CCTCGGCGCCGATTGA-1,out,WntOverExp
CCTCGGTATGACAGTA-1,Cavity,Wt
CCTCTACCGTGATTGG-1,TrabBone,WntOverExp
CCTCTAGCTGGTCCGC-1,CortBone,Wt
CCTCTTCGAGCGGTTG-1,Cavity,WntOverExp
CCTGAAGCAATGCACG-1,Undefined,WntOverExp
CCTGAAGCGTATAGCA-1,CortBone,Wt
CCTGGATTGCGTAACA-1,Undefined,Wt
CCTGGCAACGAACGTC-1,Undefined,Wt
CCTGGCATACCTGTCA-1,Undefined,WntOverExp
CCTGGCTTATGGTCTG-1,CortBone,WntOverExp
CCTGTCTAAGTAGGCT-1,Cavity,WntOverExp
CCTGTCTGATAGGTGA-1,Cavity,WntOverExp
CCTGTCTGCATAGGTC-1,Cavity,Wt
CCTGTCTTACAATCCT-1,GP,WntOverExp
CCTTAGATCTGTAATA-1,GP,WntOverExp
CCTTAGTTATACCAGA-1,Undefined,WntOverExp
CCTTATAGGTCTCAAC-1,Undefined,Wt
CCTTCACCGACGGACA-1,GP,WntOverExp
CCTTCCACTGCCTAAG-1,out,WntOverExp
CCTTCCGCTCCGGCAT-1,Cavity,Wt
CCTTGTCTACTTAGAC-1,Cavity,WntOverExp
CCTTGTCTAGTTCTTG-1,Undefined,Wt
CCTTGTCTTACGGTTC-1,CortBone,Wt
CCTTGTGATGGTCTAG-1,CortBone,Wt
CGAACCAGAAGTCTGG-1,Cavity,WntOverExp
CGAAGACCGCCAGGCG-1,TrabBone2,WntOverExp
CGAAGTCGTTGGCTCG-1,Undefined,WntOverExp
CGAATCCTGATAGGTG-1,out,WntOverExp
CGAATTACTGCTCCGG-1,Cavity,Wt
CGACAAGTACTCCTTA-1,TrabBone,WntOverExp
CGACAAGTGATGCGCA-1,out,Wt
CGACAATCATACGCAC-1,CortBone,WntOverExp
CGACATTGTATGGAGG-1,Undefined,WntOverExp
CGACCAAGGTGAGCCG-1,Cavity,WntOverExp
CGACCAGAACTGTCAT-1,Undefined,WntOverExp
CGACCAGAAGGATCCG-1,Cavity,WntOverExp
CGACCAGATTCAGTGA-1,Cavity,Wt
CGACCAGCCTTGATTA-1,Cavity,WntOverExp
CGACCTATACTGACGT-1,GP,WntOverExp
CGACCTGCATCTGCAT-1,Undefined,WntOverExp
CGACCTTGGCGTTCTA-1,CortBone,Wt
CGACGCAACATGGCGA-1,TrabBone,Wt
CGACGCAGCCTTAGTC-1,Cavity,Wt
CGACGCTCCGCACGTG-1,Cavity,Wt
CGACTAATCGGCTCCT-1,Undefined,WntOverExp
CGACTAGGAGATAAGC-1,Cavity,Wt
CGACTAGGTCCTTAAC-1,Cavity,Wt
CGACTTCACTCGGCAT-1,CortBone,Wt
CGAGATGCCGCATCTT-1,CortBone,WntOverExp
CGAGATGCGGTATGCG-1,Cavity,Wt
CGAGCCTGCAAGGTTA-1,GP,WntOverExp
CGAGCGAGCCACGCTA-1,Cavity,WntOverExp
CGAGCGGCACAGTAGG-1,Cavity,WntOverExp
CGAGCGTGAAGTTAGC-1,Undefined,Wt
CGAGCTAAGGCCTGTA-1,Undefined,Wt
CGAGCTATGTCCTCGC-1,CortBone,WntOverExp
CGAGCTTAGAATACCT-1,CortBone,WntOverExp
CGAGGAGCGTTCGTTA-1,Cavity,WntOverExp
CGAGGAGTCTAAGGAT-1,TrabBone,WntOverExp
CGAGGCATCCAAGTCC-1,out,WntOverExp
CGAGTCACTCATAGAT-1,Cavity,Wt
CGAGTCATCCGCACCA-1,CortBone,Wt
CGAGTGCGGCTCGTGG-1,CortBone,Wt
CGATAAGGTGCCTGAC-1,Cavity,WntOverExp
CGATGATCAGCTATAA-1,Cavity,WntOverExp
CGATGCACCAGGCCTC-1,Cavity,WntOverExp
CGATGCCTGCTCACCG-1,GP,Wt
CGCAACCATGCACCGA-1,Cavity,WntOverExp
CGCAAGTAGAGCTTGA-1,out,Wt
CGCAATGTATCCAATG-1,Undefined,WntOverExp
CGCACGCAGGTAAGTC-1,TrabBone2,WntOverExp
CGCACGGCTGTCAGGT-1,CortBone,WntOverExp
CGCACGTAGCATTGTT-1,GP,Wt
CGCACGTATGAAGGCC-1,Cavity,Wt
CGCACGTGACTGTTGG-1,CortBone,Wt
CGCACTAACTACCGGT-1,CortBone,WntOverExp
CGCACTGTGAGCCTGT-1,TrabBone,WntOverExp
CGCACTTAAGGCATGC-1,GP,Wt
CGCAGAGCAGTCCGAG-1,GP,WntOverExp
CGCAGATAGATGTTCT-1,CortBone,Wt
CGCATCTTGACTTAGT-1,TrabBone,WntOverExp
CGCATGAGGAGCGTCT-1,Cavity,WntOverExp
CGCCACAATAGCTCAA-1,GP,WntOverExp
CGCCACCTGGAAGACA-1,CortBone,WntOverExp
CGCCATGAGGCGATGA-1,CortBone,WntOverExp
CGCCTCGAGCCACTCG-1,Cavity,WntOverExp
CGCCTCGGCTACTCGC-1,out,WntOverExp
CGCCTCGTAGTCGTGA-1,Undefined,Wt
CGCCTCTAATTCGCGG-1,CortBone,WntOverExp
CGCCTTACGAGTAGCG-1,CortBone,WntOverExp
CGCCTTAGGATCGGCA-1,CortBone,Wt
CGCCTTATCTTGGCGA-1,Cavity,WntOverExp
CGCCTTGACGTGAATC-1,Undefined,WntOverExp
CGCTAGACTTCATCAC-1,CortBone,WntOverExp
CGCTAGATGTATTCTA-1,CortBone,WntOverExp
CGCTAGCCGCATGCAT-1,Cavity,Wt
CGCTATAGTCTTCATC-1,Cavity,WntOverExp
CGCTATTAATCTATAA-1,Undefined,Wt
CGCTATTATGATACGT-1,Cavity,WntOverExp
CGCTCGCAATTGGCGA-1,CortBone,Wt
CGCTCGGCCGGTTGTC-1,Cavity,Wt
CGCTCGGTACTGCGAA-1,CortBone,WntOverExp
CGCTCGTTATAGATCT-1,out,WntOverExp
CGCTGACATTGCGGTC-1,CortBone,WntOverExp
CGCTGCTATGACAGAC-1,Cavity,WntOverExp
CGCTGCTTCGCATACT-1,Cavity,WntOverExp
CGCTGTGACATAGGCA-1,Cavity,Wt
CGCTTGCGTACGGCAC-1,Undefined,WntOverExp
CGGACACTATGTATCA-1,Undefined,Wt
CGGACTGTGAGTATAG-1,Cavity,Wt
CGGAGCCGCAATAGCC-1,GP,Wt
CGGAGGCTAGTCGGCA-1,out,WntOverExp
CGGAGGTATCCTGCTA-1,CortBone,Wt
CGGAGTAAGTGCACAT-1,Cavity,Wt
CGGAGTGGCGACTAAG-1,Cavity,Wt
CGGAGTGGTCAAGTAT-1,Cavity,Wt
CGGATGTTGAACCACG-1,CortBone,Wt
CGGATTCCAGACGGTT-1,Cavity,Wt
CGGCAACCACTAGCAT-1,TrabBone,WntOverExp
CGGCAAGATGCGTCGG-1,Cavity,WntOverExp
CGGCAATTAATTGGAC-1,Undefined,Wt
CGGCACTCCGGTTCGC-1,Cavity,WntOverExp
CGGCACTCTAGCGGAA-1,Undefined,WntOverExp
CGGCATGGCCGCTTGT-1,CortBone,Wt
CGGCATTATCGCGTGG-1,CortBone,WntOverExp
CGGCCATCAACCGGCG-1,TrabBone2,Wt
CGGCCTAACGATAATG-1,TrabBone,Wt
CGGCCTGTCTGTCTGT-1,GP,WntOverExp
CGGCGTAGCGCTAGGA-1,Cavity,Wt
CGGCTCGTGGAGTACT-1,Cavity,Wt
CGGCTGACCGCTCGCA-1,Undefined,Wt
CGGCTTACGTGCACGA-1,Undefined,WntOverExp
CGGCTTATTCGCTAAT-1,Undefined,WntOverExp
CGGTAGGTTCGATTCA-1,out,Wt
CGGTATAGGATGAGCG-1,TrabBone,WntOverExp
CGGTCAATTGGCCGAT-1,Undefined,Wt
CGGTCATGGAGGACTC-1,Cavity,Wt
CGGTCCATACTTGAGC-1,Undefined,Wt
CGGTCCGGTTCTTAGC-1,Cavity,Wt
CGGTCTGCGGACTCTG-1,out,WntOverExp
CGGTCTGCGTATCTGG-1,CortBone,Wt
CGGTCTGCTTGAATGA-1,Cavity,Wt
CGGTCTTGCTATTCTA-1,Undefined,WntOverExp
CGGTGAACGGTTAGAT-1,Cavity,Wt
CGGTGAACTCACATTG-1,CortBone,Wt
CGGTGAACTCCACCAG-1,out,Wt
CGGTGAGCATGTATAC-1,CortBone,WntOverExp
CGGTTACCATCAACCA-1,Undefined,Wt
CGGTTACGTCCATGAA-1,CortBone,WntOverExp
CGGTTATCTGTCTTAA-1,Cavity,WntOverExp
CGGTTGATTGAGCGCC-1,Undefined,WntOverExp
CGTAACATTCGCGATA-1,Cavity,WntOverExp
CGTAACATTGGCTGAG-1,Cavity,WntOverExp
CGTAACCGGTATGCTA-1,Undefined,Wt
CGTAACCTGACATCGA-1,CortBone,WntOverExp
CGTAAGCCGACCGCTT-1,Cavity,Wt
CGTACACGGCGTCTCC-1,CortBone,WntOverExp
CGTACAGACGAGGACC-1,Cavity,WntOverExp
CGTACAGTAAGTAATG-1,Cavity,WntOverExp
CGTAGTGACTCAAGGA-1,Cavity,Wt
CGTAGTTCGTTGGTAG-1,Cavity,WntOverExp
CGTCAGAACGTTGCCG-1,Cavity,Wt
CGTCCAATCTGCGTCC-1,CortBone,Wt
CGTCCACCATTCGGTG-1,Undefined,WntOverExp
CGTCCATCCTAGCATC-1,out,Wt
CGTCCATCGTCCAATA-1,Cavity,Wt
CGTCCATGTAGCGTCT-1,Cavity,Wt
CGTCGGCGGTAGATCA-1,Undefined,WntOverExp
CGTGAGCTGTTATCGT-1,CortBone,Wt
CGTGAGGCCTACAAGT-1,Undefined,WntOverExp
CGTGCGGATTCATGTA-1,TrabBone,WntOverExp
CGTGGCTACATCCATT-1,out,Wt
CGTGGCTCCTTGTCTT-1,CortBone,WntOverExp
CGTGTACGATGATTGT-1,TrabBone2,Wt
CGTGTAGACACCTTCC-1,Cavity,WntOverExp
CGTGTAGTATTCTTGG-1,Undefined,WntOverExp
CGTGTATGAGGCCAGG-1,Undefined,Wt
CGTGTTAACCTGAAGC-1,Cavity,Wt
CGTGTTAGATGGTATC-1,CortBone,WntOverExp
CGTGTTGGACGTCTGG-1,out,WntOverExp
CGTTAACGAGAAGGAC-1,out,WntOverExp
CGTTACAGTGCACTCA-1,Cavity,WntOverExp
CGTTACGTGCAGATGG-1,Undefined,Wt
CGTTGGTCGTCACTGT-1,CortBone,Wt
CGTTGTGAGCAAGTGG-1,CortBone,WntOverExp
CTAACAAGGCTCACTT-1,Undefined,Wt
CTAACAGTATACCGGC-1,Cavity,WntOverExp
CTAACCTCACCGAAGA-1,Undefined,WntOverExp
CTAACGTTAGGCAATG-1,CortBone,Wt
CTAAGCGTGCCTGCAA-1,Cavity,WntOverExp
CTAAGCTCCACGATCA-1,Cavity,Wt
CTAAGCTTACAGTACG-1,Cavity,Wt
CTAAGTGGCCGATTAG-1,CortBone,WntOverExp
CTAATCTGGCCGTGTT-1,TrabBone,WntOverExp
CTAATGAGCGAGGCTA-1,Cavity,WntOverExp
CTAATTATGTTGCCGC-1,Cavity,Wt
CTACAACCGCTGTCTA-1,Cavity,WntOverExp
CTACAGAACCAGTTGA-1,CortBone,WntOverExp
CTACAGAATTAATGAC-1,Cavity,Wt
CTACAGATCGGTCGCC-1,Cavity,WntOverExp
CTACAGATGGTCATAC-1,Cavity,WntOverExp
CTACAGCGTCTACACT-1,Cavity,Wt
CTACAGGTAGAATTCC-1,Cavity,Wt
CTACAGGTCGCTAAGC-1,CortBone,Wt
CTACATCTACTGGCTT-1,CortBone,Wt
CTACCTTATCAACTGA-1,Cavity,Wt
CTACGAATTGGCTGGT-1,CortBone,Wt
CTACGAGCCGGACGGT-1,GP,WntOverExp
CTACGAGCCTGGAGAC-1,Cavity,Wt
CTACGATGCGTCCGGC-1,Undefined,Wt
CTACGCTACATCTGTT-1,CortBone,WntOverExp
CTACGCTTAGAAGTGC-1,CortBone,WntOverExp
CTACTGCTCCGACAGT-1,CortBone,Wt
CTAGACGATTGAGCTA-1,Cavity,Wt
CTAGCAACCAGTGCGG-1,GP,Wt
CTAGCACGATCACTGT-1,Cavity,Wt
CTAGCATAGAGCGAGC-1,out,Wt
CTAGCCGAAGATGGAC-1,Undefined,WntOverExp
CTAGGACGCAAGCATT-1,Cavity,WntOverExp
CTAGGCCAGGAGTACG-1,Cavity,Wt
CTAGTCAGGCGACAGT-1,Undefined,WntOverExp
CTAGTGTTCAGATCCG-1,Undefined,Wt
CTAGTTATGTCCAAGG-1,Undefined,WntOverExp
CTAGTTCTACATGACG-1,TrabBone,Wt
CTATACCGACTCGCAT-1,Cavity,Wt
CTATCCATAATCGATA-1,out,Wt
CTATCCATTAGCTCGA-1,Cavity,WntOverExp
CTATCCATTGAGCCAC-1,Cavity,Wt
CTATCCGCTGCAATTG-1,GP,WntOverExp
CTATCGAGATGCCTAC-1,CortBone,WntOverExp
CTATCGATCTGCGTGA-1,Undefined,Wt
CTATCGGATATCGGAG-1,Cavity,WntOverExp
CTATCGGCCGTCTGAC-1,out,Wt
CTATCGGCTTAACTAG-1,Undefined,WntOverExp
CTATCGTATCAGCGTG-1,Undefined,WntOverExp
CTATCGTATGATAGGA-1,Undefined,Wt
CTATCGTTATCCGTCG-1,Undefined,Wt
CTATGCACCAATCCAG-1,Undefined,Wt
CTATGCAGACCTCGCC-1,Undefined,Wt
CTATGCCACGAGGCTG-1,Undefined,WntOverExp
CTATGCCATGCGGACA-1,Cavity,Wt
CTATGCCGTACAGCGT-1,CortBone,Wt
CTATGGCCAACGCCGG-1,CortBone,WntOverExp
CTATGTAGGCCGAACG-1,Cavity,WntOverExp
CTATGTCAGGAACCTC-1,Undefined,Wt
CTATGTGCCTTCAGGT-1,Undefined,WntOverExp
CTATGTGCGGTTGACT-1,CortBone,WntOverExp
CTATTAGCGGCTTCGT-1,Cavity,WntOverExp
CTATTATGAGATACGA-1,TrabBone2,WntOverExp
CTATTATGGCACCTCG-1,Undefined,WntOverExp
CTATTCCGGCCGTCGG-1,Cavity,Wt
CTATTCGTCTTACATA-1,Cavity,Wt
CTATTCTGCAACGCAC-1,CortBone,WntOverExp
CTATTCTGTAGGACCT-1,Cavity,WntOverExp
CTCAAGATACAACGGA-1,Cavity,Wt
CTCACCAGGAATTGAC-1,out,Wt
CTCACCAGTGTAAGTT-1,CortBone,WntOverExp
CTCACCGAGGATCCGC-1,out,WntOverExp
CTCACCGTGACTCGGA-1,TrabBone2,Wt
CTCACCTGAGACTAAG-1,Cavity,Wt
CTCACCTTAATAAGAT-1,CortBone,Wt
CTCACCTTCGGCGTCT-1,Undefined,Wt
CTCACCTTCTGAAGTA-1,CortBone,WntOverExp
CTCACGAGTAGATGAG-1,Cavity,Wt
CTCACGATCTCCGGAG-1,Undefined,WntOverExp
CTCACGTTCGGTCTGC-1,Cavity,WntOverExp
CTCAGAAGACAACTCG-1,Cavity,Wt
CTCAGGATACGCGGCA-1,Cavity,Wt
CTCAGGCACGTCAGAC-1,CortBone,WntOverExp
CTCATAATAGCACCGT-1,CortBone,WntOverExp
CTCATAGCCAATGTCG-1,CortBone,Wt
CTCATCCTCGGCAAGT-1,Cavity,WntOverExp
CTCATCCTGGCAAGTC-1,CortBone,WntOverExp
CTCCAACCTTAGCCGG-1,Undefined,Wt
CTCCAAGCGTCCTTCA-1,Undefined,Wt
CTCCAGAATATTACAT-1,Cavity,Wt
CTCCATGGCGACCAGT-1,Cavity,Wt
CTCCGGATCCTCGCTC-1,Cavity,Wt
CTCCGGCCTACAGCTT-1,Cavity,Wt
CTCCGGTTATGGCACG-1,Undefined,Wt
CTCCTACCTCGTGGTA-1,Cavity,WntOverExp
CTCCTACTTGAGTAAG-1,TrabBone2,Wt
CTCCTTATCTTAAGAC-1,Cavity,WntOverExp
CTCCTTATGGAACCTT-1,CortBone,Wt
CTCCTTGAATTGGCTA-1,Undefined,Wt
CTCGACAGCACTCGGA-1,Cavity,Wt
CTCGACTCCTAATGGA-1,CortBone,WntOverExp
CTCGATGCGGTGTTAA-1,Cavity,Wt
CTCGATGTTGAACGGC-1,Cavity,Wt
CTCGATGTTGCTATGT-1,Cavity,WntOverExp
CTCGCATACTCAACTC-1,Cavity,Wt
CTCGCTAGCACCATCT-1,Cavity,Wt
CTCGCTGTTCATAGAT-1,TrabBone,WntOverExp
CTCGGAATTCTTGATA-1,Cavity,Wt
CTCGGACTAACGTGGC-1,Undefined,WntOverExp
CTCGGAGTCTTAAGGA-1,Undefined,WntOverExp
CTCGGATCGGAATACG-1,Cavity,Wt
CTCGGTCTCCAACTGC-1,CortBone,Wt
CTCGTCGCGATTAATT-1,Cavity,WntOverExp
CTCGTGTCTTGGCCGC-1,CortBone,WntOverExp
CTCGTTGCACCTTAGG-1,Undefined,Wt
CTGAAGCGGTTGCCAA-1,Undefined,WntOverExp
CTGAAGGAGCCTCACT-1,Cavity,WntOverExp
CTGAAGGTGCTCGAGG-1,Cavity,Wt
CTGAAGTGCTATGGCG-1,CortBone,WntOverExp
CTGAAGTGCTGAACTG-1,Cavity,WntOverExp
CTGAAGTTGCAGACAT-1,GP,WntOverExp
CTGAATACCAGCAACG-1,CortBone,WntOverExp
CTGAATTCGCGTAAGG-1,CortBone,Wt
CTGACGTATCCGCCAC-1,out,Wt
CTGACTCCGAATCTGC-1,Cavity,Wt
CTGACTCGAATTCGTG-1,Cavity,Wt
CTGACTGATTAGGCTG-1,Undefined,Wt
CTGACTGTGGCCGGTT-1,TrabBone,WntOverExp
CTGATTAACAGCGGCC-1,CortBone,Wt
CTGATTACAATGTCCA-1,CortBone,WntOverExp
CTGATTAGGTGCCGAA-1,Undefined,Wt
CTGCATAATGGACCGC-1,Undefined,Wt
CTGCCGATTGCGATGT-1,Cavity,WntOverExp
CTGCCGCTTCGGCTGC-1,Undefined,WntOverExp
CTGCCGTGAAGTCGCA-1,Cavity,Wt
CTGCCTCCAACACCAG-1,Cavity,Wt
CTGCCTGACACGGATT-1,Cavity,Wt
CTGCTCATTAGAGTGC-1,Cavity,WntOverExp
CTGGAAGGCAACCGGA-1,out,Wt
CTGGAAGTCTAAGCTC-1,CortBone,Wt
CTGGAATAGTGCAAGT-1,Cavity,WntOverExp
CTGGAATGGATCAGCA-1,Cavity,WntOverExp
CTGGAATTCGGCGAAC-1,Undefined,Wt
CTGGCCTGGAACAATT-1,out,Wt
CTGGCCTTGCATTCGG-1,CortBone,Wt
CTGGCGCACTTACTGA-1,CortBone,WntOverExp
CTGGCGCATATCCGTG-1,CortBone,WntOverExp
CTGGCGGACAACGCAC-1,Undefined,WntOverExp
CTGGCTGGACGCTTGG-1,GP,WntOverExp
CTGGTGATCGCCGTAG-1,TrabBone,WntOverExp
CTGGTGCACCATACCA-1,Undefined,WntOverExp
CTGGTGCGTTCACGAG-1,TrabBone,WntOverExp
CTGGTGCTACAGTATT-1,Cavity,Wt
CTGGTGCTTATGACCA-1,Cavity,Wt
CTGGTGGCCAATAAGT-1,TrabBone,WntOverExp
CTGGTGGCCTTCCGAC-1,Undefined,Wt
CTGGTTGGACATCACC-1,CortBone,WntOverExp
CTGTATCGAAGTGGAT-1,Undefined,Wt
CTGTATCGGAAGCTCC-1,CortBone,WntOverExp
CTGTATGGCTCAACAT-1,CortBone,Wt
CTGTCAGATCGATGCG-1,Cavity,WntOverExp
CTGTCTATCCACATCT-1,Undefined,WntOverExp
CTGTGGCTTGTCAGCT-1,Cavity,WntOverExp
CTGTTATGGCCAGCGG-1,out,WntOverExp
CTTAATACGGCTAGCA-1,Undefined,Wt
CTTACGAACTCCGTCC-1,CortBone,Wt
CTTACGACAACGATAC-1,Cavity,WntOverExp
CTTACGCCATGCACAG-1,Undefined,WntOverExp
CTTACGTCATCCTTAT-1,Cavity,WntOverExp
CTTAGCAACTAGGACC-1,Cavity,Wt
CTTAGCAAGGACAGCC-1,CortBone,WntOverExp
CTTAGCACGACAGAAC-1,Undefined,WntOverExp
CTTAGCCTGTAAGACA-1,Undefined,Wt
CTTAGCGTAGCGTGCG-1,GP,WntOverExp
CTTAGCTACGCAAGGT-1,CortBone,WntOverExp
CTTAGCTATCCTTGCG-1,Undefined,WntOverExp
CTTAGCTTAGTTCTCG-1,Cavity,WntOverExp
CTTAGCTTCGCTGACC-1,CortBone,Wt
CTTAGTCCTCATAAGT-1,Undefined,WntOverExp
CTTAGTCTATCGAGAC-1,CortBone,WntOverExp
CTTAGTCTCGACAACT-1,Cavity,WntOverExp
CTTAGTCTGTGCATCC-1,Undefined,WntOverExp
CTTAGTCTTATTCGGA-1,Cavity,Wt
CTTAGTGGCTAAGACG-1,out,WntOverExp
CTTAGTGGTACACGAC-1,CortBone,WntOverExp
CTTAGTTGCTCGTTGT-1,Cavity,WntOverExp
CTTATTGAGTTCTGTA-1,CortBone,WntOverExp
CTTCAAGTCGACCTTC-1,Cavity,WntOverExp
CTTCAATCGTACTACG-1,out,Wt
CTTCATTGGATACCAC-1,CortBone,WntOverExp
CTTCCAATTGAAGATT-1,Cavity,WntOverExp
CTTCCACGCCTTCCTG-1,Undefined,WntOverExp
CTTCCATAACCTTACG-1,Cavity,WntOverExp
CTTCCGAGACATTGAT-1,out,WntOverExp
CTTCCGTCGCTGCATC-1,Cavity,WntOverExp
CTTCGACCAAGCCGAG-1,TrabBone2,Wt
CTTCGACTCCAGACTG-1,Cavity,WntOverExp
CTTCGAGCTGCAGCCT-1,CortBone,WntOverExp
CTTCGATAACATTGGT-1,CortBone,Wt
CTTCGATATGTAGGAG-1,TrabBone,WntOverExp
CTTCGCCGCAACATTA-1,out,Wt
CTTCGGCTCACTACCT-1,CortBone,WntOverExp
CTTCGTATTAATACGG-1,CortBone,Wt
CTTCTACTCAAGTCGT-1,Undefined,Wt
CTTCTGAGCCAGGAAC-1,Undefined,WntOverExp
CTTCTGTACGGACATC-1,Cavity,Wt
CTTGAACCGAGTTAAT-1,Undefined,WntOverExp
CTTGAACTTAGAGGAA-1,Cavity,Wt
CTTGAGCCTTGTTCCA-1,Cavity,WntOverExp
CTTGAGTCCAAGGCTG-1,out,Wt
CTTGAGTCTTACAGTG-1,Cavity,WntOverExp
CTTGATGCAATCACAA-1,Cavity,Wt
CTTGCCGGAAGACGCA-1,Cavity,Wt
CTTGCGTAACAGCAGT-1,Cavity,WntOverExp
CTTGGAACTCCACGCC-1,CortBone,WntOverExp
CTTGGACAGGTTAGAA-1,out,Wt
CTTGGTCGGAAGTAGC-1,Cavity,Wt
CTTGGTTAGAGTCATC-1,Cavity,WntOverExp
CTTGTATCGTATGATT-1,CortBone,WntOverExp
CTTGTCAAGGCGTCAA-1,Cavity,Wt
CTTGTCAGTTCGGTAA-1,out,Wt
GAACAAGGTCGAGCAA-1,out,Wt
GAACATTCGACACGTA-1,Cavity,WntOverExp
GAACCGAACGAAGACT-1,CortBone,Wt
GAACGCCAGTGCATAC-1,CortBone,Wt
GAACTAACTCTACGTG-1,Cavity,WntOverExp
GAACTACAAGTAGGAG-1,GP,WntOverExp
GAACTACCTTATCATA-1,Cavity,Wt
GAACTATCGTCTCGTC-1,Undefined,WntOverExp
GAACTCATAGTGAGTG-1,Cavity,Wt
GAACTCCTCATACATA-1,out,Wt
GAACTCCTGGAGGCTC-1,Cavity,Wt
GAACTGTAACTCAGGC-1,Cavity,WntOverExp
GAACTTGGTGAGGATA-1,Cavity,Wt
GAAGCGAGAACATGGA-1,Cavity,WntOverExp
GAAGCGATTGCCGAAT-1,Undefined,WntOverExp
GAAGCTGCCTCGTGAG-1,out,WntOverExp
GAAGCTGTTCTACATC-1,Undefined,WntOverExp
GAATAAGGAGAACTAA-1,CortBone,Wt
GAATACTAAGGCGAAT-1,TrabBone2,WntOverExp
GAATCAATTACCGACC-1,Undefined,WntOverExp
GAATCACCAGTGATAC-1,Undefined,Wt
GAATCATGAACCAGTG-1,Cavity,Wt
GAATGACCACAATCGA-1,Cavity,Wt
GAATGTATTGGATCAA-1,TrabBone2,WntOverExp
GAATGTCAGAATTCTG-1,CortBone,WntOverExp
GAATGTGCCTAGCAGA-1,Undefined,WntOverExp
GAATTCACAACTGCAG-1,Undefined,Wt
GACAACATCATGCCGC-1,Cavity,Wt
GACAACGGACTCAGCT-1,Cavity,WntOverExp
GACAACGGCGATGTTA-1,Cavity,Wt
GACAACTTAACCAACC-1,CortBone,WntOverExp
GACAAGCTGAATCTGG-1,CortBone,WntOverExp
GACAATCTATTAGATT-1,Cavity,WntOverExp
GACAATGACAAGCTTA-1,out,WntOverExp
GACAGCAACTCAGAAC-1,Cavity,Wt
GACATCACCGTTGCGT-1,out,Wt
GACATCAGATTCTTAC-1,out,WntOverExp
GACATCCTCAACCTCG-1,Undefined,WntOverExp
GACATCCTTCATTATC-1,Undefined,WntOverExp
GACATCTGCGGTCTTG-1,Cavity,Wt
GACATTATCTTAATCT-1,TrabBone2,WntOverExp
GACCACATTCTTGAAT-1,Cavity,WntOverExp
GACCACGGCGTACATA-1,Cavity,Wt
GACCACTCCTGACGTT-1,CortBone,WntOverExp
GACCACTTAGACAGGT-1,TrabBone2,Wt
GACCGAAGACTGGCAG-1,GP,Wt
GACCGAATCTAATACG-1,Cavity,Wt
GACCGACAATAGGAAT-1,Cavity,Wt
GACCGAGGCAACGTTC-1,Undefined,Wt
GACCGGCCATGTACCG-1,Cavity,WntOverExp
GACCGTATTAGACCGG-1,Undefined,WntOverExp
GACCGTGAATGTAAGT-1,CortBone,WntOverExp
GACCTGCTGTACGAAG-1,CortBone,Wt
GACCTGCTGTCGTGTA-1,Undefined,Wt
GACGAGTGCTGGAGAT-1,Undefined,WntOverExp
GACGCAGCGTCAAGTT-1,Cavity,Wt
GACGCCGAACTTCCGT-1,out,WntOverExp
GACGCCTCGTCAGAGG-1,Cavity,Wt
GACGCCTCTTGATTGT-1,Undefined,WntOverExp
GACGCTCAACTGAGTG-1,Undefined,Wt
GACGGCTTAGGTGCGA-1,CortBone,WntOverExp
GACGTACAGGAACGCT-1,Cavity,Wt
GACGTAGACTGCCGCA-1,out,Wt
GACGTCTTATCTCAGC-1,CortBone,WntOverExp
GACGTGGTGCTCCAGA-1,Cavity,Wt
GACGTTCGGTCTTACC-1,out,Wt
GACTACGAGTTCCATT-1,Cavity,WntOverExp
GACTACGCCTATAGCC-1,out,Wt
GACTAGATTAGCTAAC-1,CortBone,WntOverExp
GACTAGTAATCTTGCT-1,Cavity,WntOverExp
GACTGAGGTGATTAAC-1,Undefined,Wt
GACTGCCATAGAATAC-1,TrabBone,WntOverExp
GACTTGAACGTCCGTA-1,Cavity,Wt
GAGCCAGCTTACGGTA-1,Cavity,Wt
GAGCCAGTATTGTCAA-1,Undefined,WntOverExp
GAGCCTCACGTATGTA-1,TrabBone,WntOverExp
GAGCGAATCGGTAGAA-1,CortBone,Wt
GAGCGATACTCCAGGC-1,GP,WntOverExp
GAGCGGCAATGGAATA-1,Undefined,WntOverExp
GAGCTAACCTACTTAC-1,Cavity,WntOverExp
GAGCTACAGCTCGGTA-1,Cavity,WntOverExp
GAGCTGCGGTGGTAAT-1,out,Wt
GAGGACAGATCGCCTA-1,Cavity,Wt
GAGGACGAGTCCTAGT-1,GP,WntOverExp
GAGGATACCAGGTACG-1,CortBone,WntOverExp
GAGGATCCAGAACTGG-1,Cavity,WntOverExp
GAGGATGATAGGAAGG-1,Cavity,WntOverExp
GAGGCCACAAGGTGCA-1,Cavity,WntOverExp
GAGGCCACTTCTAGAT-1,Undefined,WntOverExp
GAGGCCAGCAGAGGTT-1,TrabBone,WntOverExp
GAGGCCATGGCTCGGA-1,out,WntOverExp
GAGGCGCTCCATTCCT-1,TrabBone,WntOverExp
GAGGTAACATTCGATC-1,CortBone,WntOverExp
GAGGTAACTAGACAGT-1,CortBone,WntOverExp
GAGGTACAACCTTCCG-1,CortBone,Wt
GAGGTATTAATAGCGG-1,CortBone,WntOverExp
GAGGTCACTGTAAGCT-1,Cavity,Wt
GAGGTGCCTCTTCGTG-1,Undefined,Wt
GAGGTGGCTCGAGGTT-1,CortBone,WntOverExp
GAGGTGTAGCAACTCA-1,TrabBone,WntOverExp
GAGTAGACGCAGGCTC-1,Cavity,WntOverExp
GAGTAGATTATGGTTC-1,Cavity,WntOverExp
GAGTAGGATGGTAGTC-1,Cavity,WntOverExp
GAGTCACGTCCTTAGA-1,Undefined,Wt
GAGTCCACGCCTGAAG-1,Cavity,Wt
GAGTCCTACCTCTGCA-1,Cavity,Wt
GAGTCCTCTAGCGACA-1,CortBone,Wt
GAGTCGAGCGTGCTTC-1,out,WntOverExp
GAGTCTGACTATAGAA-1,Cavity,WntOverExp
GAGTCTGGTGAATGAG-1,TrabBone,WntOverExp
GAGTGCAGCGTCATCG-1,CortBone,Wt
GAGTGCCGCATTAGGC-1,Cavity,Wt
GAGTGCGTACTGTAAC-1,Undefined,WntOverExp
GAGTGGAGCAAGCGCA-1,Cavity,WntOverExp
GAGTTACTCAATGGAA-1,Cavity,WntOverExp
GAGTTAGCAGTAGATG-1,Undefined,Wt
GAGTTCTATCGTGCCT-1,Cavity,WntOverExp
GAGTTGGTATTAATAG-1,out,WntOverExp
GATAAGCACGTGCGTA-1,Cavity,WntOverExp
GATAAGTTGGCGATTA-1,CortBone,Wt
GATAATCAGCTATTGT-1,Undefined,WntOverExp
GATACTTCACTCAGCA-1,CortBone,Wt
GATACTTCTAGTGGAG-1,out,Wt
GATAGAGTCTGAATCG-1,Cavity,Wt
GATAGAGTGATAAGCT-1,CortBone,Wt
GATAGATGTTGAAGAT-1,CortBone,Wt
GATAGTGACACTCCAA-1,Cavity,Wt
GATATGCTCACGTTAC-1,out,Wt
GATCCGGACATACACC-1,Undefined,WntOverExp
GATCGGAGATACGCAG-1,CortBone,WntOverExp
GATCGTAAGAGTCGCA-1,CortBone,WntOverExp
GATCGTGGCCACAACC-1,Cavity,WntOverExp
GATCGTTGATGGATGC-1,Cavity,WntOverExp
GATCTATGAAGATGCG-1,Cavity,Wt
GATGACTCTGAATCTT-1,out,Wt
GATGAGTGAACGGCTG-1,CortBone,WntOverExp
GATGCCAGACATAATG-1,CortBone,WntOverExp
GATGGACCTGGACGGA-1,Cavity,Wt
GATGGACGGCAGATGA-1,CortBone,Wt
GATGTAGCGAGGTCCA-1,Cavity,Wt
GATGTAGGAGTTGGCC-1,Cavity,WntOverExp
GATTATGTGACATGAT-1,CortBone,Wt
GATTCCATACTGAACC-1,CortBone,WntOverExp
GATTCCATTGAGTTGA-1,CortBone,Wt
GATTCCGCTATCGGCT-1,Undefined,WntOverExp
GATTCCGCTGCAAGAT-1,Cavity,Wt
GATTCCGTGCGTATAC-1,CortBone,WntOverExp
GATTCCTGCAGATCGT-1,Cavity,Wt
GATTCGCCATGTATCA-1,Cavity,Wt
GATTGACTCCATGCGA-1,out,Wt
GATTGTCGCAACGAGG-1,CortBone,WntOverExp
GCAACAGCCTGCTCTA-1,Undefined,WntOverExp
GCAACAGGCCATTGAC-1,Cavity,WntOverExp
GCAACATACATCAGCA-1,TrabBone,WntOverExp
GCAACATGGTTCTTCA-1,Cavity,Wt
GCAAGAATGTTCCACC-1,Undefined,WntOverExp
GCAATTAATCAACGTA-1,Cavity,WntOverExp
GCAATTCCTATCATAC-1,Cavity,Wt
GCAATTCTGTGACAGA-1,CortBone,Wt
GCACAGCTGTGGTTGA-1,TrabBone,Wt
GCACAGTCTTGATAGA-1,Undefined,Wt
GCACCGAAGATGTCTA-1,CortBone,Wt
GCACCTAGTAATTATC-1,out,Wt
GCACGAGCAGTACCGA-1,GP,WntOverExp
GCACGCATAGATTGCT-1,Cavity,WntOverExp
GCACGGAAGGATAGTA-1,GP,WntOverExp
GCACTACACTATTGCG-1,Cavity,Wt
GCACTCTGTTGCCATA-1,Cavity,Wt
GCACTGAATATGACAG-1,Cavity,Wt
GCACTGCCTCGATGCG-1,GP,WntOverExp
GCACTGGACGCAGCAC-1,Cavity,WntOverExp
GCAGACGCCTGGTTAT-1,Cavity,Wt
GCAGATCGGTAATTAT-1,CortBone,WntOverExp
GCAGCGATCTAACGAA-1,out,WntOverExp
GCAGGCTACCGTCCTT-1,Cavity,WntOverExp
GCAGGCTGGTTCCAAG-1,TrabBone,WntOverExp
GCAGGTCACTACCTCA-1,CortBone,Wt
GCAGGTGCTGATGCTT-1,Cavity,WntOverExp
GCAGTAGATGTCCAAT-1,Undefined,WntOverExp
GCAGTTCGGCATTAGC-1,CortBone,WntOverExp
GCATAACCGAGGTGAT-1,Cavity,Wt
GCATACTAGCATCGAA-1,Cavity,Wt
GCATGACGGATTATCA-1,CortBone,Wt
GCATGTCGAGTGTCTT-1,Undefined,Wt
GCATTACCTGTCAAGA-1,Cavity,WntOverExp
GCATTGACTACAGCGA-1,CortBone,WntOverExp
GCATTGGTTACCAAGC-1,TrabBone,WntOverExp
GCCAACGAGCGGCATA-1,Cavity,WntOverExp
GCCACGAAGGAATTCC-1,Cavity,Wt
GCCACGCCTTAGTACG-1,CortBone,Wt
GCCACTATAGACCATA-1,Cavity,WntOverExp
GCCACTCCGTCACCTC-1,Undefined,WntOverExp
GCCAGACAGACGCCTA-1,CortBone,WntOverExp
GCCAGACATCTATCAC-1,Cavity,Wt
GCCAGTTAATTCTTGC-1,TrabBone2,Wt
GCCAGTTCCTCGTGCC-1,Cavity,Wt
GCCATTGTAACTGATC-1,Cavity,Wt
GCCATTGTAATGTCTT-1,TrabBone2,WntOverExp
GCCGAAGATGTATTGA-1,CortBone,WntOverExp
GCCGAGTCCTCGTCCA-1,Cavity,Wt
GCCGATCGAGTGAAGT-1,CortBone,WntOverExp
GCCGCTGATTGGCCAG-1,Cavity,WntOverExp
GCCGCTTCTAAGGTGA-1,Undefined,WntOverExp
GCCGGCAATAGGCAGG-1,out,Wt
GCCGGCGAACCATTGT-1,TrabBone,WntOverExp
GCCGGCGTAGGTGACG-1,Undefined,WntOverExp
GCCGGCGTGAACTTGC-1,CortBone,Wt
GCCGTACCAGATCTAG-1,Undefined,WntOverExp
GCCGTATGCCAGTCTT-1,Cavity,WntOverExp
GCCGTATGCGTTATAG-1,CortBone,WntOverExp
GCCTATAGCATACCTT-1,Cavity,WntOverExp
GCCTCATGCGAGCAGG-1,out,Wt
GCCTCCGTCTACCTCG-1,Cavity,Wt
GCCTCCGTGCTGTAAT-1,Undefined,Wt
GCCTCCTGCGGCCGTT-1,TrabBone,WntOverExp
GCCTGGACCTATTGTC-1,GP,WntOverExp
GCCTGGTACATGGTCG-1,Cavity,WntOverExp
GCCTGTGATAGATTGG-1,out,Wt
GCCTGTTAACGGACGA-1,out,Wt
GCCTTCTGATTCCGTC-1,GP,Wt
GCCTTGAGATCTGAGC-1,Cavity,WntOverExp
GCCTTGCCACTTCTGA-1,Cavity,WntOverExp
GCCTTGGCGAACAATC-1,Cavity,WntOverExp
GCGAATCGAGAACACG-1,CortBone,Wt
GCGAATGCAGTGTCAA-1,GP,Wt
GCGAATTGGCTAGCCA-1,Cavity,Wt
GCGACACTAAGCTAAG-1,CortBone,WntOverExp
GCGACGTAGAGCGTTA-1,out,Wt
GCGAGCGGACCATAAC-1,Cavity,WntOverExp
GCGAGCGGTTGTCATG-1,Cavity,WntOverExp
GCGAGGATCGACCTTA-1,Cavity,WntOverExp
GCGAGTTGAACGTCGA-1,Undefined,Wt
GCGATCTTGCTCACGC-1,Cavity,WntOverExp
GCGATGACCGTGTAAT-1,CortBone,WntOverExp
GCGATGTACTGCTATT-1,out,Wt
GCGATTCTAACAGTAA-1,CortBone,Wt
GCGGTCCTGTAGTCTG-1,CortBone,WntOverExp
GCGGTCGGCGTACCTT-1,Undefined,WntOverExp
GCGGTCGTTGATCTTG-1,CortBone,WntOverExp
GCGGTGGACATCAATC-1,out,WntOverExp
GCGTACCGGAACGACA-1,Undefined,WntOverExp
GCGTACCGGATGGCTC-1,Cavity,WntOverExp
GCGTACCGTGTATCAG-1,Cavity,WntOverExp
GCGTACGAATCTAATC-1,CortBone,WntOverExp
GCGTCCAGCAATTGGC-1,Undefined,WntOverExp
GCGTCGGAATGCTGCC-1,TrabBone,WntOverExp
GCGTCGGTCACGCCAG-1,CortBone,WntOverExp
GCGTCTCGCAACTCAT-1,TrabBone2,WntOverExp
GCGTGAACGTGACTCA-1,Undefined,Wt
GCGTTGTATCGGAGCT-1,Cavity,Wt
GCTAACCATAGGCGTT-1,Cavity,Wt
GCTAACGTCCATTCTG-1,Undefined,Wt
GCTACATCTGTACTCA-1,out,Wt
GCTACCATCCTGTAGA-1,TrabBone,WntOverExp
GCTACTTCTGACGCGA-1,Cavity,Wt
GCTATGCGTGAACGGT-1,Cavity,WntOverExp
GCTCAACCACGGCAAC-1,TrabBone,WntOverExp
GCTCATACAATTAGAC-1,Cavity,WntOverExp
GCTCCGAGACTACATA-1,Cavity,Wt
GCTCCGGCAACATGAT-1,Cavity,Wt
GCTCCTATGTCTTCGC-1,CortBone,Wt
GCTCGATGCTCGCATG-1,CortBone,WntOverExp
GCTCGGAGATGAATGT-1,Cavity,WntOverExp
GCTGAATGACCGTGAG-1,Cavity,Wt
GCTGACAGCCGGAGCG-1,TrabBone,WntOverExp
GCTGACCGCATCGGAT-1,out,WntOverExp
GCTGACTTGTCTCAAT-1,CortBone,Wt
GCTGCCGCCTATGTAG-1,Cavity,Wt
GCTGCGCAATGGAAGC-1,Undefined,Wt
GCTGGATGACTCTACC-1,TrabBone,WntOverExp
GCTGTAGTGCTGTCGC-1,Cavity,WntOverExp
GCTGTCGCGATGGTAG-1,TrabBone2,Wt
GCTGTTCATCAGCGTC-1,TrabBone2,Wt
GCTGTTGATAGTCTTA-1,Cavity,WntOverExp
GCTTAATAGAGGCGAG-1,Undefined,WntOverExp
GCTTACATGTTGCGCT-1,CortBone,Wt
GCTTACCTCGTGCTAT-1,CortBone,Wt
GCTTCGCTCAAGCGAT-1,CortBone,Wt
GCTTCGGCATCAGAGT-1,Cavity,Wt
GCTTCTAAGTCTGACG-1,Cavity,WntOverExp
GCTTCTAGCGTTCATT-1,Cavity,WntOverExp
GCTTCTCAGACCGCCT-1,Cavity,Wt
GCTTCTCCAGAACCGC-1,GP,Wt
GCTTCTGTTACGAGAA-1,Cavity,Wt
GCTTCTTGAATCGGTT-1,Undefined,WntOverExp
GCTTCTTGGACGAGCG-1,Cavity,WntOverExp
GCTTGAACTCCATCCA-1,Cavity,Wt
GCTTGACCTCCGCTTC-1,Undefined,Wt
GCTTGAGCTCTTGACA-1,CortBone,WntOverExp
GCTTGCCATAGTGGAT-1,CortBone,WntOverExp
GCTTGCTTACTTAACG-1,Cavity,WntOverExp
GCTTGGATCCAACCGG-1,Cavity,WntOverExp
GCTTGGATGCTCGCTT-1,Cavity,Wt
GCTTGGCTGCGGTAAC-1,Cavity,WntOverExp
GGAACATCGTGGAATC-1,Cavity,Wt
GGAACGATAACATTAT-1,Undefined,WntOverExp
GGAACTTCGACATGTC-1,Cavity,WntOverExp
GGAAGCATTAGAGGCA-1,Undefined,Wt
GGAAGCTATGGCACAG-1,CortBone,WntOverExp
GGAATGGCAACTTGGA-1,CortBone,Wt
GGACAGTGCGGCAACA-1,Cavity,WntOverExp
GGACCACTTATCGTTC-1,Undefined,Wt
GGACCATCACCGCCAA-1,TrabBone2,WntOverExp
GGACCGATCTGGATTA-1,Cavity,WntOverExp
GGACCGCTTCCTGGCA-1,CortBone,Wt
GGACGTAGTGTAGAAG-1,CortBone,WntOverExp
GGACGTCGAACGGCTT-1,Cavity,Wt
GGACGTCGAGGATTCA-1,Undefined,Wt
GGACGTCGCACGAGAA-1,CortBone,WntOverExp
GGACGTTGGAGGTGAT-1,Cavity,WntOverExp
GGACTCACTAGAGCCG-1,out,WntOverExp
GGACTCGTTCCTCGGA-1,Undefined,Wt
GGAGACTATTGTGACA-1,Undefined,WntOverExp
GGAGATCCGTAGGATA-1,Undefined,Wt
GGAGATCCTGTACCAG-1,CortBone,WntOverExp
GGAGATGGCTCGAGAT-1,Cavity,Wt
GGAGCACCAACTGATT-1,Cavity,WntOverExp
GGAGCGAATTGGACGG-1,TrabBone2,WntOverExp
GGAGCGGCACCTCGTA-1,CortBone,WntOverExp
GGAGGCACATAGCGTA-1,Undefined,Wt
GGAGGTCGTAGGAGCT-1,CortBone,Wt
GGAGTCCAGATAGCTT-1,Cavity,Wt
GGAGTCTAAGTGGTCC-1,CortBone,WntOverExp
GGAGTGTCCATGTATT-1,CortBone,WntOverExp
GGATAAGTCAGGATAG-1,Cavity,Wt
GGATAATTCAATGCTG-1,TrabBone,WntOverExp
GGATCGAGTGTCCACT-1,Undefined,WntOverExp
GGATCGATACCTCCGG-1,Undefined,Wt
GGATCGCTGGCATATT-1,Cavity,WntOverExp
GGATGGATCACTCATA-1,Cavity,Wt
GGATGTAACTAATCCG-1,Undefined,WntOverExp
GGATTCCGACGTGATG-1,CortBone,Wt
GGATTCGATGTCCGGA-1,Undefined,Wt
GGCAGCCGGCACTTCC-1,Cavity,WntOverExp
GGCAGCGTATACGACT-1,Cavity,Wt
GGCAGCTCCTGGACGG-1,Cavity,Wt
GGCATAATCCTATCGC-1,TrabBone,WntOverExp
GGCATACATGGCTCAG-1,Cavity,Wt
GGCATCGAACCTCATA-1,out,WntOverExp
GGCATTCCGATGCTCG-1,Cavity,Wt
GGCCAAGATGGATGGC-1,CortBone,WntOverExp
GGCCAATAACGCTACA-1,Undefined,Wt
GGCCAGTAGGTATGAG-1,TrabBone2,WntOverExp
GGCCATGCTCCTCGTG-1,Undefined,WntOverExp
GGCCATTAGCTAGTGG-1,Undefined,WntOverExp
GGCCGCCAACTATTGC-1,out,Wt
GGCCTGCGTTATGCCG-1,CortBone,Wt
GGCGACCATAGCGTTA-1,TrabBone,Wt
GGCGACTTCTTGATGT-1,Undefined,Wt
GGCGATCGGTCTGCTC-1,Undefined,WntOverExp
GGCGCCAAGGAGCGCT-1,Undefined,WntOverExp
GGCGCCACCGGAGCAA-1,Cavity,Wt
GGCGCCACTCTGCGTT-1,Cavity,WntOverExp
GGCGCCACTGAACATC-1,Cavity,WntOverExp
GGCGCCGTCGGACATA-1,Cavity,Wt
GGCGCTAATATGCTCC-1,Cavity,Wt
GGCGGAAGTCTTGTAG-1,CortBone,WntOverExp
GGCGGAGCACTGATAA-1,Cavity,WntOverExp
GGCGGAGTTGAACTAT-1,TrabBone2,WntOverExp
GGCGGATACAACGCAC-1,out,Wt
GGCGGATATTGATTGA-1,GP,WntOverExp
GGCGTCGCCGTATGAT-1,Cavity,Wt
GGCGTGGACCTTAGAT-1,Undefined,Wt
GGCGTGGCACGGCACT-1,Cavity,WntOverExp
GGCGTGTAATTACTTA-1,CortBone,WntOverExp
GGCTCAATCAACATGA-1,Cavity,Wt
GGCTCGATTAAGGCGG-1,out,Wt
GGCTGACGCCGAATCA-1,CortBone,WntOverExp
GGCTGCTAACTTCGCT-1,Undefined,Wt
GGCTGCTCCATAGCTG-1,Undefined,Wt
GGCTGTTCAATGTCAA-1,CortBone,Wt
GGCTTGCCATAGGCTC-1,CortBone,WntOverExp
GGTACCACCTATACCT-1,Undefined,WntOverExp
GGTACCAGGTAGTGTT-1,Cavity,WntOverExp
GGTACGAAGAACTCGA-1,Undefined,Wt
GGTACGATCGACTTAA-1,TrabBone,WntOverExp
GGTACGCTTACCTGCG-1,CortBone,WntOverExp
GGTACGGAGCATCAGC-1,Cavity,WntOverExp
GGTACGGTATGCTCCA-1,CortBone,Wt
GGTACGTGCTCGGCAA-1,Undefined,WntOverExp
GGTACTGTGATCTTCC-1,out,Wt
GGTAGCCATCAATCCG-1,Cavity,WntOverExp
GGTAGCTTAGCCAATC-1,Cavity,Wt
GGTAGGTCTGGCTAAC-1,Undefined,Wt
GGTAGGTTGTTCTAAG-1,Cavity,Wt
GGTAGTACAGGTTAGA-1,Cavity,Wt
GGTAGTACCGCAACAG-1,Cavity,WntOverExp
GGTAGTGCATGAAGTG-1,out,WntOverExp
GGTATGGTCAGGTTGG-1,Cavity,Wt
GGTATGGTTGTCCTCG-1,Undefined,WntOverExp
GGTCACCGCATAACAA-1,Cavity,WntOverExp
GGTCCTGCGAGTAGGT-1,TrabBone,WntOverExp
GGTCTGAGATCCGCCA-1,out,Wt
GGTCTGGTTGTAGAAC-1,CortBone,WntOverExp
GGTCTTATAGGCTGGC-1,CortBone,WntOverExp
GGTCTTCCGCACATCC-1,Cavity,WntOverExp
GGTCTTCCGGCTGGAC-1,Undefined,WntOverExp
GGTCTTGCACGTTGCG-1,out,Wt
GGTGCACTCCGGTTCG-1,GP,WntOverExp
GGTGCATCCAGAACGG-1,out,WntOverExp
GGTGCGCAACTAACGG-1,out,Wt
GGTGGCTTATTGCGTG-1,Cavity,Wt
GGTGTCACCAGCGAAC-1,Cavity,WntOverExp
GGTTACAGCCGGCCGG-1,out,WntOverExp
GGTTACCAGACAACAT-1,Cavity,Wt
GGTTACGGACGATTAA-1,Undefined,WntOverExp
GGTTAGACTCACTAGC-1,Cavity,Wt
GGTTAGCTTCATGAGT-1,CortBone,Wt
GGTTAGTATGAGTGTC-1,TrabBone,Wt
GGTTCATTCCGGCCTC-1,Cavity,Wt
GGTTCTATACCGCTTG-1,TrabBone2,WntOverExp
GGTTCTCGTGATGTGA-1,CortBone,WntOverExp
GGTTCTGGAGTCTACC-1,Cavity,WntOverExp
GGTTGATAAGTACCTG-1,out,WntOverExp
GGTTGCTACCGGAACA-1,Undefined,WntOverExp
GTAACACCGAGCGTTA-1,TrabBone,Wt
GTAACATACACCTGTT-1,CortBone,WntOverExp
GTAACATCTTATAATG-1,Undefined,WntOverExp
GTAAGTAATTACAATC-1,Cavity,Wt
GTAAGTATTGCTATCG-1,Undefined,WntOverExp
GTAAGTTGCGGAGCGT-1,Cavity,Wt
GTAAGTTGCTGGTGGA-1,TrabBone2,WntOverExp
GTAATCACGCACAGCT-1,CortBone,WntOverExp
GTAATCAGGCGGACGG-1,Undefined,WntOverExp
GTAATCTTGTCTAGTT-1,Cavity,Wt
GTAATGATCACGTAAG-1,out,WntOverExp
GTACAACTCGGCAGAA-1,TrabBone,WntOverExp
GTACAGAACAGGACTC-1,TrabBone,WntOverExp
GTACAGAACGCAGCGT-1,Undefined,Wt
GTACAGCCGTTACAGA-1,GP,WntOverExp
GTACAGTATCGGAATT-1,Cavity,Wt
GTACATAAGCTACGCC-1,Undefined,Wt
GTACCTGAAGTGAATG-1,CortBone,WntOverExp
GTACCTTCATGTGCAA-1,Undefined,WntOverExp
GTACGAACAGACTAGG-1,Cavity,Wt
GTACGAAGGATTATTG-1,CortBone,WntOverExp
GTACGAATTACATAAT-1,Undefined,WntOverExp
GTACGAATTCTACCAA-1,Cavity,WntOverExp
GTACGAGGTAGTGCAC-1,Undefined,WntOverExp
GTACGATTAGTCTACA-1,Cavity,Wt
GTACGCCTCGCTTCCA-1,Cavity,Wt
GTACGCTCGCCAACAT-1,Cavity,Wt
GTACGCTTGATACCAC-1,Cavity,Wt
GTACTACCGTTAGGTG-1,CortBone,WntOverExp
GTACTGCATAAGGTTA-1,Undefined,WntOverExp
GTACTTAACTTCAGCG-1,Cavity,WntOverExp
GTACTTAGTTGCGAAT-1,out,WntOverExp
GTACTTCTGATCCTCG-1,CortBone,WntOverExp
GTAGAAGTAAGCTGCG-1,Undefined,WntOverExp
GTAGAATCGCACATCG-1,Undefined,WntOverExp
GTAGACCAGAATACTC-1,CortBone,Wt
GTAGACCTGTCAACCA-1,Cavity,WntOverExp
GTAGCAACGACCGTGG-1,Cavity,Wt
GTAGCAGAACATGGTG-1,CortBone,Wt
GTAGCAGAAGACTCTT-1,Cavity,Wt
GTAGCATAGTTACAGG-1,CortBone,WntOverExp
GTAGCCAGTGCGGTTG-1,CortBone,WntOverExp
GTAGCCGCACTCCATC-1,Cavity,Wt
GTAGCGCCTGAACTCA-1,Undefined,WntOverExp
GTAGCGCTAGATCCGT-1,out,WntOverExp
GTAGCGTGGCACGCAG-1,Undefined,WntOverExp
GTAGGAGCAACAGGCA-1,Cavity,Wt
GTAGGTGATAATTCAC-1,Undefined,Wt
GTAGTCAGACCAATGT-1,Cavity,Wt
GTAGTCCAGCGGACAT-1,Cavity,Wt
GTAGTCCATTGTTCGT-1,Undefined,WntOverExp
GTAGTGACATTACGAC-1,Undefined,Wt
GTAGTTGTTCATGTAG-1,Undefined,Wt
GTATACGATACCTTGT-1,Undefined,Wt
GTATACGGTACACGCA-1,CortBone,Wt
GTATACGGTTAAGATA-1,Undefined,Wt
GTATCTACAGATCTCC-1,Cavity,Wt
GTATCTAGCTACCAGC-1,Cavity,Wt
GTATCTCAGCCTTGGT-1,Cavity,WntOverExp
GTATCTGTGGCGTCTA-1,out,Wt
GTATGACATAAGACGG-1,CortBone,WntOverExp
GTATGATAGTATGGAT-1,CortBone,WntOverExp
GTATGATCACTTGACG-1,CortBone,WntOverExp
GTATGCCTATCTTGCG-1,GP,Wt
GTATGCCTTACTCCAC-1,GP,Wt
GTATGGTGCCGGCAGG-1,CortBone,WntOverExp
GTATGTAGCAGGCATA-1,TrabBone2,WntOverExp
GTATGTAGCTCACCTT-1,Cavity,Wt
GTATGTGCAAGCCGGA-1,Cavity,Wt
GTATGTTAGTTCTACC-1,Cavity,WntOverExp
GTATTACGAGTCAATC-1,Undefined,WntOverExp
GTATTACGGCCATTAT-1,GP,WntOverExp
GTATTACGGTATTGAG-1,Cavity,Wt
GTATTAGATTGAGGTC-1,CortBone,WntOverExp
GTATTATGAGTTAGCG-1,CortBone,WntOverExp
GTATTCCAAGTTACCT-1,Cavity,WntOverExp
GTATTCCGCTCGGATG-1,out,Wt
GTATTCGTGACTTGAT-1,TrabBone,WntOverExp
GTATTCTAAGTGCTGT-1,Cavity,Wt
GTCAACAGACGCACGT-1,CortBone,Wt
GTCAACAGCATAGATT-1,Undefined,WntOverExp
GTCAACAGCGCACCGA-1,CortBone,Wt
GTCAACAGTTAAGTGA-1,Cavity,WntOverExp
GTCAACCTGACGATAG-1,Cavity,WntOverExp
GTCACCAAGAGCGGTG-1,Undefined,Wt
GTCACTACTTAATGGA-1,Cavity,Wt
GTCACTGAATCTCACC-1,TrabBone,Wt
GTCACTTATCCAAGAC-1,CortBone,WntOverExp
GTCACTTATGAATGCG-1,Cavity,Wt
GTCACTTATGTCGTAT-1,CortBone,WntOverExp
GTCAGCGATGTAATTG-1,Cavity,WntOverExp
GTCAGCGATTGATTCA-1,Cavity,Wt
GTCAGCTAGATCGACA-1,Undefined,Wt
GTCAGCTCAATCAAGG-1,Undefined,Wt
GTCAGCTGGTGAGGCG-1,Undefined,WntOverExp
GTCAGGTACGTGGCAT-1,Cavity,Wt
GTCAGTAGGTGACCGG-1,CortBone,WntOverExp
GTCAGTGAGGATCGTT-1,TrabBone,WntOverExp
GTCAGTGCCAGAATAA-1,Undefined,Wt
GTCAGTGCTGACAGCG-1,Cavity,WntOverExp
GTCAGTTCTGCCTGGA-1,Cavity,WntOverExp
GTCATCACGTGGTTCA-1,Cavity,WntOverExp
GTCATCACTATTGTGC-1,CortBone,WntOverExp
GTCATCAGTAGACCAG-1,Cavity,WntOverExp
GTCCGAATGCGGACAG-1,Cavity,Wt
GTCCGACAGCCGCATT-1,Cavity,WntOverExp
GTCCGTCGGCATGCGT-1,CortBone,WntOverExp
GTCCTCCGGATTATAC-1,Cavity,WntOverExp
GTCCTGCTTACGGCTG-1,Cavity,Wt
GTCCTTCATCAGATCA-1,CortBone,WntOverExp
GTCCTTCGGAACCTGC-1,Cavity,Wt
GTCGAGTGATTACTGT-1,CortBone,WntOverExp
GTCGAGTGCTCCTTCG-1,out,WntOverExp
GTCGCAGATTACTGCA-1,Cavity,Wt
GTCGCATGCGGTAGAT-1,Undefined,Wt
GTCGCATTACCAGGCA-1,out,Wt
GTCGGCCGTTGTGAAT-1,Cavity,Wt
GTCGGCCTCCGGCATC-1,out,Wt
GTCGTAGACTGACAAG-1,GP,WntOverExp
GTCGTGTTCATGTCAG-1,Cavity,Wt
GTCTAAGATCGGACTA-1,Cavity,Wt
GTCTAATACGGCTAAG-1,Cavity,WntOverExp
GTCTAGCATGGTACGT-1,GP,WntOverExp
GTCTAGGACAGGATAA-1,TrabBone2,WntOverExp
GTCTAGTCTAGCGACG-1,Cavity,Wt
GTCTATAGAATCGAGC-1,Undefined,Wt
GTCTATCAATGGATTA-1,CortBone,Wt
GTCTATCAGTACTAAT-1,Cavity,WntOverExp
GTCTATGGTGAAGAGC-1,Undefined,WntOverExp
GTCTATGTTAATAGAA-1,TrabBone2,WntOverExp
GTCTATTAGTGAGGCC-1,Undefined,WntOverExp
GTCTGATAGATTATAA-1,CortBone,Wt
GTCTGATATCTGAATT-1,CortBone,WntOverExp
GTCTGTGGATCTGACG-1,GP,WntOverExp
GTCTTCGGTAGCTACA-1,CortBone,Wt
GTCTTGAACAATTACA-1,Cavity,Wt
GTCTTGACAATAGCAA-1,TrabBone,WntOverExp
GTCTTGATTGCCACCT-1,GP,WntOverExp
GTCTTGCGGCGATTCA-1,CortBone,Wt
GTCTTGCTCAGATTAC-1,Cavity,WntOverExp
GTCTTGCTGGACGATA-1,CortBone,WntOverExp
GTCTTGTATTGTAGAT-1,Cavity,Wt
GTGAACATTCAACGAT-1,Cavity,WntOverExp
GTGAACGGTTCTAACG-1,Undefined,WntOverExp
GTGAACTGAGTTCGGC-1,Undefined,Wt
GTGAAGATGAGTGCCT-1,CortBone,WntOverExp
GTGACAAGATGCTCAT-1,CortBone,WntOverExp
GTGACATACAGGTCCT-1,Cavity,WntOverExp
GTGACATAGTTAGCTG-1,Undefined,Wt
GTGACATATGCTAGAT-1,CortBone,WntOverExp
GTGACATGCAATTAAT-1,Undefined,Wt
GTGACATGTACCACCT-1,Cavity,Wt
GTGACCGGAGTCATAC-1,Cavity,Wt
GTGACTTCAACATCCG-1,Undefined,Wt
GTGACTTCCTCACGAC-1,CortBone,WntOverExp
GTGAGCACCAGCATCC-1,out,Wt
GTGAGGCAGTGAGTTA-1,Cavity,Wt
GTGAGGTTGGACGGCG-1,CortBone,WntOverExp
GTGATCTACGAGATCC-1,Cavity,Wt
GTGATGGATTAGAACA-1,Undefined,Wt
GTGCACCAATCATAAC-1,Undefined,WntOverExp
GTGCACCGAATGTTAA-1,Undefined,Wt
GTGCACTTGTTCCTGG-1,Cavity,WntOverExp
GTGCAGGACTCCAAGG-1,out,Wt
GTGCAGGCACTCTAGG-1,Cavity,WntOverExp
GTGCAGGCTGGACATG-1,CortBone,WntOverExp
GTGCAGTGGTAGATTC-1,out,Wt
GTGCAGTTGTGGCGCT-1,CortBone,Wt
GTGCATTCCTGTGGTC-1,Cavity,WntOverExp
GTGCCACCTTGAGCAT-1,out,Wt
GTGCCGCATCCTTCCT-1,out,Wt
GTGCCGTCCTGTCAGC-1,TrabBone2,Wt
GTGCCTGACACGTTGG-1,TrabBone,WntOverExp
GTGCTCAATGCAACCT-1,CortBone,Wt
GTGGATAATCATAATC-1,Undefined,WntOverExp
GTGGCGACTGATTAAC-1,Undefined,Wt
GTGGCGATCTGCGATA-1,Cavity,Wt
GTGGCGCACCTGTTCC-1,CortBone,WntOverExp
GTGGCGCCACGCTGAG-1,Undefined,Wt
GTGGCGCCACTACGCT-1,TrabBone2,Wt
GTGGCGCCAGACTCGA-1,Cavity,WntOverExp
GTGGCGCCAGCTAACC-1,GP,Wt
GTGGCTTCCTACCGTT-1,CortBone,WntOverExp
GTGGTACTGTTGTAGC-1,CortBone,WntOverExp
GTGGTACTTGGTTGGA-1,Undefined,WntOverExp
GTGGTAGGTCTAAGAA-1,Cavity,WntOverExp
GTGGTCGCTCTGTAGC-1,CortBone,WntOverExp
GTGGTTGACAAGGAGC-1,Cavity,WntOverExp
GTGGTTGCACGCGGCA-1,out,WntOverExp
GTGGTTGCCGCTTCAA-1,CortBone,Wt
GTTAACAACTTCGGAT-1,TrabBone,WntOverExp
GTTAACTCCGACCACT-1,Cavity,WntOverExp
GTTAATGGCGCAACGC-1,Undefined,Wt
GTTAGACAATGGATGA-1,Cavity,Wt
GTTAGAGGTGTTAAGA-1,Undefined,Wt
GTTAGGAAGTATACGA-1,Undefined,Wt
GTTAGGTACTAACTGG-1,CortBone,WntOverExp
GTTATGTTGCTTAGAT-1,TrabBone,WntOverExp
GTTATTCGCCGATCGC-1,Cavity,WntOverExp
GTTATTCGTAACGTCC-1,CortBone,WntOverExp
GTTATTGACCTCATTC-1,CortBone,WntOverExp
GTTATTGCTGAATCCG-1,Cavity,WntOverExp
GTTCATACCTTGGTTA-1,CortBone,Wt
GTTCATCTTACATTCC-1,CortBone,WntOverExp
GTTCCAGTGCCTTACC-1,CortBone,WntOverExp
GTTCCGGCTGAGCCGA-1,Cavity,WntOverExp
GTTCCGGCTGCAGTCA-1,Undefined,Wt
GTTCCGTACCTCCACT-1,Undefined,WntOverExp
GTTCCGTCATACGGCT-1,Undefined,Wt
GTTCCGTCTTATCTTA-1,out,Wt
GTTCCTGAACCTTCAA-1,Cavity,WntOverExp
GTTCGAATCACGTACG-1,Undefined,Wt
GTTCGCTGGTATTAGA-1,out,Wt
GTTCGTAGGTAGTGAA-1,Cavity,Wt
GTTCTACTATACGAAC-1,Undefined,Wt
GTTCTACTATCATATT-1,GP,WntOverExp
GTTCTTGATCTGTTGA-1,CortBone,WntOverExp
GTTGAAGGAAGTCGGC-1,CortBone,WntOverExp
GTTGAATAAGTCAGCA-1,CortBone,Wt
GTTGAATCAACCTGGC-1,CortBone,WntOverExp
GTTGAATGGTACAGTA-1,Cavity,Wt
GTTGAATGTTGCTGCC-1,Undefined,WntOverExp
GTTGAATTATTCGGTG-1,Undefined,Wt
GTTGACATGAACCAAC-1,TrabBone,WntOverExp
GTTGACGAACCAGAAC-1,Cavity,WntOverExp
GTTGACGCTCGATGGC-1,out,WntOverExp
GTTGACGGATAGCCAT-1,Cavity,WntOverExp
GTTGACGTCAGATTAG-1,Cavity,Wt
GTTGAGAATCACGGAG-1,Undefined,Wt
GTTGAGCTTCGTCCGG-1,CortBone,Wt
GTTGCCACAAGTCATA-1,CortBone,WntOverExp
GTTGCCACGACAAGAA-1,out,Wt
GTTGCCATCTACGCAC-1,out,Wt
GTTGGCGTGAGCGACC-1,Undefined,WntOverExp
GTTGGTCCGCCAATCT-1,TrabBone,WntOverExp
GTTGTCCTGTGATGTA-1,CortBone,Wt
GTTGTCCTTGAGCGGT-1,out,Wt
TAACAGCAGGCCTTAC-1,CortBone,WntOverExp
TAACAGGAACCGACAA-1,Cavity,WntOverExp
TAACAGTCTACTATGG-1,Undefined,Wt
TAACAGTTCCACTTCG-1,Undefined,Wt
TAACATGCGTGCGAAC-1,Cavity,Wt
TAACATGGCCACCTCC-1,TrabBone,WntOverExp
TAACCAGATACGCTTC-1,Undefined,Wt
TAACCGTACCATCCTG-1,Undefined,WntOverExp
TAACCTTGAGACTTCG-1,Cavity,WntOverExp
TAACGAATCCTAGATA-1,Cavity,WntOverExp
TAACGACCTTGCCTAT-1,Undefined,Wt
TAACGAGTTGCCAACC-1,Cavity,WntOverExp
TAACGCATTGGTCCAA-1,Cavity,WntOverExp
TAACGCGTAATATGGC-1,Cavity,WntOverExp
TAACGCGTCAAGCGTT-1,out,WntOverExp
TAACGCTCACATTCTA-1,Cavity,WntOverExp
TAACGCTCATACGGCA-1,Cavity,WntOverExp
TAACGTCACTATAATC-1,TrabBone,WntOverExp
TAACGTGATTCACTAG-1,Undefined,WntOverExp
TAACGTGCCATAGTTA-1,Cavity,Wt
TAACGTTGCGTCGATG-1,Cavity,WntOverExp
TAACTCCAACATGGAC-1,Cavity,Wt
TAACTCCAGGTAGGCT-1,Undefined,Wt
TAACTCCGATACGTAA-1,Cavity,WntOverExp
TAACTTGCACGGCGGA-1,Cavity,Wt
TAAGACCGAGTGAACA-1,Cavity,Wt
TAAGACCTCAAGTGCC-1,Undefined,Wt
TAAGATTAGATATTCC-1,out,WntOverExp
TAAGATTGAGATTACA-1,Cavity,WntOverExp
TAAGCAAGTAATGTGG-1,CortBone,Wt
TAAGCACGAGACCTAC-1,Cavity,WntOverExp
TAAGCAGTAGATACTC-1,Cavity,WntOverExp
TAAGCCACAATTGCCT-1,out,WntOverExp
TAAGCCATACGACACG-1,Cavity,WntOverExp
TAAGCCTGTAGCGTCC-1,Cavity,Wt
TAAGCTCCTTCACGCC-1,Cavity,WntOverExp
TAAGGACGCCTGGTTG-1,TrabBone,WntOverExp
TAAGGATCTGAAGATA-1,Cavity,Wt
TAAGGTACGGATAGTG-1,CortBone,WntOverExp
TAAGGTATGAATGCTA-1,Cavity,Wt
TAAGGTCCGTGACCGT-1,GP,WntOverExp
TAAGTGTCAAGGTGGC-1,CortBone,WntOverExp
TAATACCGTTAATTGC-1,CortBone,WntOverExp
TAATCGACATTGTTGG-1,CortBone,WntOverExp
TAATCGCAATGTAATA-1,Undefined,WntOverExp
TAATCTGATAAGATGT-1,CortBone,WntOverExp
TAATGATCCGGTTATT-1,TrabBone2,WntOverExp
TAATGATCTACTAACC-1,Undefined,WntOverExp
TAATGTGCACGATCTG-1,TrabBone,WntOverExp
TAATTAAGGAGTACTG-1,CortBone,WntOverExp
TAATTAGCTCGATTGT-1,Cavity,Wt
TAATTGACGTCGTTCC-1,Cavity,Wt
TAATTGATTCTGTCGC-1,out,Wt
TACAAGCAGATCGTTG-1,Undefined,WntOverExp
TACAAGCGCCTCTACA-1,Cavity,Wt
TACAAGCGGAAGTACG-1,TrabBone,WntOverExp
TACACTGCGTCCGGAC-1,GP,WntOverExp
TACACTGTCGAACCAA-1,Cavity,WntOverExp
TACAGTACTTAGTGTA-1,Cavity,Wt
TACAGTCTCGGCACGG-1,Undefined,WntOverExp
TACATATGCACCAGTG-1,Cavity,WntOverExp
TACATCGGACAACTGG-1,Undefined,WntOverExp
TACATCGTCAGCGGTT-1,TrabBone,WntOverExp
TACATCTAACATGTCC-1,Undefined,WntOverExp
TACATTGAATACGATC-1,Undefined,WntOverExp
TACATTGAATGAACGT-1,Undefined,Wt
TACCACAGGCCATTGC-1,Undefined,Wt
TACCAGACAACCTCAG-1,CortBone,WntOverExp
TACCATTGTCCGCCTT-1,out,WntOverExp
TACCTCAGGCAACAGA-1,TrabBone2,WntOverExp
TACCTGCGGTTGTCCT-1,TrabBone2,WntOverExp
TACGACCGAGCGCAAC-1,Undefined,WntOverExp
TACGACGTCTCATATT-1,Cavity,Wt
TACGACTCTGAACACT-1,Cavity,Wt
TACGAGATTGGTCTGT-1,CortBone,WntOverExp
TACGCCGGAGTTCTGA-1,Cavity,Wt
TACGCTCCGGTTGGTA-1,TrabBone2,WntOverExp
TACGCTTCCGCAAGCT-1,Undefined,Wt
TACGGAACAGACGCGG-1,CortBone,WntOverExp
TACGGAATACTCGTTC-1,Cavity,Wt
TACGGAATTGAACCAA-1,GP,WntOverExp
TACGGAGGAAGCACCT-1,Undefined,WntOverExp
TACGGATCAGCCATCC-1,Cavity,WntOverExp
TACGGATCCTTGCGAT-1,out,Wt
TACGGATCTTGCGATG-1,out,Wt
TACGGCCTTGTAGGAG-1,Undefined,WntOverExp
TACGGTAGTTGCGTGA-1,GP,Wt
TACGGTTAATGTACTA-1,Cavity,Wt
TACGTAATCTAGTAAG-1,Cavity,Wt
TACGTATCCTATCACG-1,CortBone,WntOverExp
TACGTGGAGGCATGGC-1,out,Wt
TACGTTCTACCGCCAT-1,out,Wt
TACTAAGGAACATCAA-1,Undefined,Wt
TACTAGGATCAATGGC-1,CortBone,Wt
TACTAGTACACCTAAG-1,Cavity,WntOverExp
TACTATGTTGAATCTT-1,CortBone,WntOverExp
TACTCACTACTCACTC-1,Undefined,WntOverExp
TACTCCTACATCAACT-1,Cavity,WntOverExp
TACTCCTGAAGGATTA-1,Undefined,WntOverExp
TAGACACCGGCGTCAA-1,Undefined,WntOverExp
TAGACAGTTCAGATTA-1,Undefined,WntOverExp
TAGACATACGTCTAAT-1,CortBone,WntOverExp
TAGACATATGGCGAGG-1,Undefined,Wt
TAGACATGGTTAGGTC-1,CortBone,WntOverExp
TAGACATTGACTTGCA-1,out,Wt
TAGACCAGGATATCGG-1,Cavity,Wt
TAGACCATCGATTGAG-1,Cavity,Wt
TAGACCGGCCAGTACG-1,TrabBone,WntOverExp
TAGACCTGAGGAGCTG-1,TrabBone,WntOverExp
TAGACTAATATGGCGA-1,Cavity,WntOverExp
TAGAGCAGACAGTCCA-1,GP,WntOverExp
TAGAGGCGATTGATTC-1,CortBone,Wt
TAGATGCGTGCCAGCG-1,CortBone,Wt
TAGATGCTGTATCGTA-1,out,Wt
TAGATGGCTGTATGCC-1,TrabBone,WntOverExp
TAGATGTCGAGGCCAG-1,out,Wt
TAGCAATTATGGACCG-1,out,Wt
TAGCAGTCGTCATGAA-1,Undefined,WntOverExp
TAGCAGTGATTCTGTC-1,CortBone,Wt
TAGCCGCAATACCTGC-1,Undefined,WntOverExp
TAGCGGACCACTGTTA-1,Cavity,WntOverExp
TAGCGTACCTTGACAT-1,Cavity,Wt
TAGCGTATAGCGCTAA-1,Cavity,Wt
TAGCGTTATGACCTCC-1,Undefined,WntOverExp
TAGCTACCATACTGCT-1,Cavity,Wt
TAGCTAGAAGCGATCA-1,Cavity,WntOverExp
TAGCTAGAGCACGCCG-1,TrabBone2,Wt
TAGCTAGAGGCCTGAA-1,Cavity,Wt
TAGCTATGTTGAGCAC-1,Undefined,WntOverExp
TAGCTCGAATCGTCCG-1,Cavity,Wt
TAGCTTAAGCTGGCGT-1,Cavity,WntOverExp
TAGGACGGCCAGCCGA-1,CortBone,Wt
TAGGAGGCGTATTGCC-1,GP,Wt
TAGGATGCACCGTTCA-1,CortBone,Wt
TAGGCAGGCGGACGCC-1,Undefined,Wt
TAGGCATCTGCGGACC-1,TrabBone,WntOverExp
TAGGCGAGCGATCGGT-1,Cavity,WntOverExp
TAGGCGCATATCTAAC-1,Cavity,WntOverExp
TAGGCTCCGGCATACA-1,GP,WntOverExp
TAGGCTTATCTAGCTC-1,out,Wt
TAGGTCCGTAGCCTAT-1,Undefined,Wt
TAGGTCTACTCGTGAA-1,CortBone,WntOverExp
TAGGTCTGCCTCTGTA-1,CortBone,WntOverExp
TAGGTCTTGGCTCGTC-1,CortBone,WntOverExp
TAGTAAGCGGTGGATA-1,out,Wt
TAGTATAACCTCGACA-1,Cavity,WntOverExp
TAGTATCCAATTACGT-1,Cavity,WntOverExp
TAGTATTGCCGAGTTG-1,Undefined,WntOverExp
TAGTCACTGGATAGGC-1,CortBone,Wt
TAGTGAACATGCAGAT-1,Undefined,WntOverExp
TAGTGACCGTCGATTA-1,CortBone,WntOverExp
TAGTGACTCAATTGCT-1,CortBone,WntOverExp
TAGTGACTCGCTCCGC-1,CortBone,WntOverExp
TAGTGAGGACATGTTG-1,Cavity,WntOverExp
TAGTGAGGACGCGAAT-1,Undefined,Wt
TAGTGAGGTATCGACC-1,TrabBone2,WntOverExp
TAGTGAGGTGCCATCA-1,Undefined,Wt
TAGTGATGACTCCTGG-1,TrabBone,WntOverExp
TAGTGCACATAGTCTG-1,Undefined,WntOverExp
TAGTGCACTATTGTCA-1,Cavity,WntOverExp
TAGTGCACTTGTACCG-1,out,WntOverExp
TAGTGCAGTGCGGTAG-1,CortBone,Wt
TAGTGCTGTAGCGTTG-1,Undefined,WntOverExp
TAGTGGTTGAACCAAT-1,GP,Wt
TAGTTACATAGAAGAT-1,Undefined,WntOverExp
TAGTTCGAATTAGCGG-1,Cavity,Wt
TAGTTCGAGTAGGAAG-1,CortBone,Wt
TAGTTGAGCCAGCCAG-1,Undefined,Wt
TAGTTGAGTTCTGCAC-1,out,Wt
TATCAACGAATATGAG-1,Cavity,WntOverExp
TATCAATCGCCGAGTG-1,Cavity,Wt
TATCACATAGCGAACT-1,Cavity,Wt
TATCATGGATGTTGCC-1,TrabBone2,WntOverExp
TATCCAAGCGCCGTAG-1,Cavity,Wt
TATCCAATACCGCAAT-1,Cavity,Wt
TATCCGATCTTGGCGG-1,out,WntOverExp
TATCCTGCGGTTGATC-1,Cavity,WntOverExp
TATCTAATCACCTCGG-1,Cavity,WntOverExp
TATCTAGGAGTGGACA-1,Cavity,WntOverExp
TATCTAGTCGCATGCA-1,Cavity,WntOverExp
TATCTAGTGAATGATC-1,Undefined,Wt
TATGAAGCGACCGTCC-1,CortBone,WntOverExp
TATGACAATGCTTGAA-1,CortBone,WntOverExp
TATGACAGCGAGAAGC-1,CortBone,WntOverExp
TATGACGCGTATGTCG-1,TrabBone2,WntOverExp
TATGACGGAGATTGGC-1,Cavity,WntOverExp
TATGACTCAATGATCG-1,Undefined,WntOverExp
TATGAGCGATCCATTA-1,Cavity,Wt
TATGAGGATCTACTGG-1,Cavity,WntOverExp
TATGCCACAGCCGGTG-1,out,Wt
TATGCGTACCTGAGTC-1,out,Wt
TATGGAGTTCTACGGC-1,Undefined,WntOverExp
TATGGCAGTTCGTCTA-1,Cavity,Wt
TATGGCCATAATAGAC-1,Cavity,Wt
TATGGCCGGCGACACT-1,Cavity,Wt
TATGGCCTCACGTACA-1,Cavity,Wt
TATGTCATAAGCGTCG-1,Cavity,Wt
TATGTCGAGGTTGAAG-1,TrabBone,WntOverExp
TATGTTGGCGAGAACA-1,CortBone,WntOverExp
TATGTTGGTAGGTCGT-1,Cavity,Wt
TATGTTGGTCCAGTGA-1,Cavity,Wt
TATTAACTTCCGCTCA-1,Cavity,WntOverExp
TATTAAGCAGCGCCGG-1,out,Wt
TATTAATAGAATGGCA-1,Cavity,Wt
TATTCGACAACCGTGA-1,GP,Wt
TATTCGACATTACTAT-1,Undefined,Wt
TATTCGATGATCTAGT-1,Undefined,Wt
TATTCGGTGGAGATTC-1,CortBone,Wt
TATTCGTTAACAGGCA-1,Undefined,WntOverExp
TATTCGTTAATGCTCC-1,TrabBone2,WntOverExp
TATTCGTTATCGCCTG-1,out,Wt
TATTCTAGAATCGGAC-1,Undefined,Wt
TATTCTCAGCGGCTGG-1,Cavity,Wt
TATTCTCCTATGATGG-1,Cavity,Wt
TATTGAATCCGACTAA-1,TrabBone,WntOverExp
TATTGAATGAATGTGG-1,Undefined,WntOverExp
TATTGATCGTGATCTT-1,Cavity,Wt
TATTGTTAACCGAGAC-1,Cavity,WntOverExp
TCAACAATGGAGGCCT-1,Cavity,Wt
TCAACAGGACAGCAAC-1,GP,WntOverExp
TCAACATGGATACAAC-1,out,Wt
TCAACCGGAGACCTCG-1,CortBone,Wt
TCAAGGAACCTATTGC-1,Undefined,WntOverExp
TCAAGGCAACGCGGCT-1,Cavity,WntOverExp
TCAAGGCGTCTACTCC-1,Undefined,Wt
TCAAGGTACACGAAGA-1,Undefined,WntOverExp
TCAAGGTATCAACTTA-1,Cavity,Wt
TCAAGGTCTGAATATG-1,CortBone,Wt
TCAATATTCCGGTTAG-1,Undefined,Wt
TCAATTAATAGAACCT-1,GP,Wt
TCACAAGACTTAGCTT-1,Undefined,Wt
TCACAAGATGACTCGA-1,Cavity,Wt
TCACAAGCTCGAGGCA-1,CortBone,WntOverExp
TCACAAGGAGAACAAG-1,Cavity,Wt
TCACAGCACCAAGGTT-1,Cavity,WntOverExp
TCACATAAGCGTTGCC-1,Cavity,Wt
TCACATAGACCTCCGT-1,GP,WntOverExp
TCACATCCTGTCGCGG-1,Cavity,WntOverExp
TCACATCCTTCTCAGT-1,TrabBone,WntOverExp
TCACATGGATAACTGT-1,Undefined,Wt
TCACATTGTCGGTGAC-1,TrabBone,WntOverExp
TCACCATAGATTGTTA-1,CortBone,Wt
TCACCGTTGCTAATGG-1,Cavity,WntOverExp
TCACGACATCAGAAGG-1,Cavity,WntOverExp
TCACGATACCTAGCCA-1,TrabBone,Wt
TCACGCTATCCACTAC-1,Cavity,Wt
TCACTACGACTCTGCG-1,CortBone,WntOverExp
TCAGAATCGATATCAT-1,Cavity,Wt
TCAGCGCCTAGTCTTA-1,out,Wt
TCAGCGTGACCTTACC-1,TrabBone,WntOverExp
TCAGCTACCAACTCCG-1,CortBone,WntOverExp
TCAGCTAGGATGTACT-1,CortBone,WntOverExp
TCAGCTATTAATCGCT-1,Cavity,WntOverExp
TCAGGATACACTACAA-1,TrabBone,WntOverExp
TCAGTATGTAGGACAA-1,Cavity,WntOverExp
TCAGTCAGCGATCAGA-1,CortBone,WntOverExp
TCAGTCATTGCAAGTG-1,Cavity,Wt
TCAGTCGCCAAGGTTG-1,CortBone,Wt
TCAGTCGTGCCGGCAG-1,Cavity,WntOverExp
TCAGTGAAGAGTTCTA-1,out,Wt
TCATACTGGTGAACCG-1,Cavity,WntOverExp
TCATAGGTGAGTCGAC-1,CortBone,WntOverExp
TCATAGTAGACTCATA-1,Undefined,Wt
TCATCCGATTGAATTC-1,out,WntOverExp
TCATCGGCCTGTGCGG-1,CortBone,Wt
TCATCGTTATGTATCT-1,Cavity,WntOverExp
TCATCTATCCACGATT-1,Cavity,Wt
TCATCTCCAACCACCT-1,Cavity,Wt
TCATCTCCAGCCGGTG-1,Undefined,WntOverExp
TCATCTGCCGCTATTC-1,Cavity,Wt
TCATCTTCCACGTATG-1,Cavity,WntOverExp
TCATGAGGCTTGACGC-1,Undefined,WntOverExp
TCATGAGGTTGATATG-1,Undefined,WntOverExp
TCATGATTCTGATACT-1,CortBone,WntOverExp
TCATGCAGCGCCTTCG-1,TrabBone2,Wt
TCATTCTGATGGTGCG-1,Undefined,Wt
TCATTGATAGACTTGC-1,Cavity,WntOverExp
TCATTGATAGGTGGAA-1,Undefined,WntOverExp
TCATTGCAAGTGCTCA-1,Undefined,Wt
TCATTGTTCAATGCGT-1,Cavity,WntOverExp
TCCAACATGACCGGTC-1,Cavity,WntOverExp
TCCAACGAAGATGCTT-1,Cavity,Wt
TCCAACGCGACGTTGG-1,Undefined,Wt
TCCAACTAAGACTCCA-1,Cavity,WntOverExp
TCCAACTGGCTGAAGA-1,CortBone,WntOverExp
TCCAAGACCGCTTGAT-1,Cavity,Wt
TCCAATAACGTGCTAG-1,out,Wt
TCCAATACTATCTGTT-1,Undefined,WntOverExp
TCCAATACTGGAGCGT-1,GP,Wt
TCCAATCCAGATACAT-1,GP,WntOverExp
TCCAATCTAACACGCA-1,Cavity,WntOverExp
TCCAATGCAAGTATCT-1,out,WntOverExp
TCCAATTAGCAATCAA-1,TrabBone,WntOverExp
TCCAATTGGTTACAGT-1,Cavity,Wt
TCCAGCTCTGCTATAG-1,out,Wt
TCCAGTACCGAGCGCA-1,Cavity,Wt
TCCAGTACGTGCTATG-1,Cavity,WntOverExp
TCCAGTCAGTACATTA-1,CortBone,Wt
TCCAGTGATTGGTGCT-1,GP,WntOverExp
TCCAGTTGAAGTAGCA-1,GP,Wt
TCCAGTTGTACCTGTC-1,CortBone,WntOverExp
TCCATAGCGACTCAGT-1,Undefined,Wt
TCCATCGGCTAGACGA-1,GP,Wt
TCCATGATGTGATCAA-1,Cavity,WntOverExp
TCCATGCCATTCCAGC-1,CortBone,Wt
TCCATGCGTCCACCAG-1,CortBone,WntOverExp
TCCATGCGTCGGTTAC-1,Cavity,Wt
TCCGAACATAGTCTGA-1,CortBone,WntOverExp
TCCGAACCTCAACCAT-1,Cavity,WntOverExp
TCCGAATACTCGCTGG-1,Undefined,WntOverExp
TCCGAATCGCAGGTTC-1,Cavity,Wt
TCCGATGCGTATCCGG-1,Cavity,WntOverExp
TCCGCCAAGGTCCGTT-1,TrabBone,Wt
TCCGCCGGTCTATTCA-1,Cavity,Wt
TCCGCCTTGTTCTGAT-1,Cavity,Wt
TCCGGCTATGCTCAGT-1,Cavity,Wt
TCCGGCTCTATGGACA-1,Cavity,WntOverExp
TCCGGTTCCGTTCTAG-1,Cavity,Wt
TCCGTACTATCCTGCT-1,Undefined,Wt
TCCGTCCACTCGGAGC-1,CortBone,WntOverExp
TCCGTCGGTACAAGTT-1,Cavity,Wt
TCCGTGTCTTACATAA-1,CortBone,Wt
TCCGTGTTCTGTTCTG-1,TrabBone,WntOverExp
TCCGTTGGAGCTCACT-1,Undefined,WntOverExp
TCCTAAGCGGTTCATC-1,out,WntOverExp
TCCTAATTGCGGCCTG-1,CortBone,Wt
TCCTAATTGCTCAACG-1,CortBone,WntOverExp
TCCTACAAGCTCGAAC-1,Cavity,Wt
TCCTACCGGTTCCTAG-1,CortBone,Wt
TCCTACGTAAGCCAGA-1,GP,Wt
TCCTAGGTATCTGATG-1,Undefined,WntOverExp
TCCTATGAGGATTGTT-1,CortBone,Wt
TCCTATTGACTGTTGA-1,Undefined,WntOverExp
TCCTCAATGAGGAACG-1,Cavity,Wt
TCCTCACGTGTAGACG-1,Cavity,WntOverExp
TCCTCAGTCGGATGCG-1,Undefined,WntOverExp
TCCTCATCGTGCTGGA-1,Cavity,WntOverExp
TCCTGAAGCGTGCACT-1,Cavity,WntOverExp
TCCTGATAAGTGCCGT-1,Cavity,WntOverExp
TCCTGCCGTGTCTAAG-1,out,Wt
TCCTGCTACATGCAGA-1,out,Wt
TCCTTACTCGCAATGA-1,Cavity,WntOverExp
TCCTTGGCTCAAGAGT-1,Undefined,WntOverExp
TCGAATTAGTTACTCC-1,CortBone,Wt
TCGAATTGTACACTAT-1,GP,WntOverExp
TCGACCAATCCGGTTG-1,Undefined,Wt
TCGACCTGCAGCTCAG-1,out,WntOverExp
TCGACGAAGAGCAAGT-1,Cavity,WntOverExp
TCGACTTATTAATCCT-1,Undefined,Wt
TCGAGCTGGTTGCCGA-1,CortBone,WntOverExp
TCGAGTGGTAGGTCAC-1,Cavity,Wt
TCGATATTAGACATAC-1,Undefined,WntOverExp
TCGATATTGTCCTAAC-1,Undefined,Wt
TCGATCCAACGTCCTT-1,Undefined,Wt
TCGATCGCACCTAATC-1,Undefined,Wt
TCGATCTAGCCGATTC-1,CortBone,Wt
TCGCAATGATAGTTCA-1,Undefined,Wt
TCGCACCTCATGTCAG-1,out,WntOverExp
TCGCACTCTTGGACAG-1,Cavity,WntOverExp
TCGCACTGCTGTGCTC-1,Cavity,Wt
TCGCACTGTACGGCGA-1,CortBone,WntOverExp
TCGCACTTACTGAAGT-1,Cavity,Wt
TCGCACTTGGTCCGTC-1,Cavity,Wt
TCGCCAGGCATGCCTC-1,Undefined,Wt
TCGCCGTATCATGCTT-1,Cavity,Wt
TCGCCGTTCGCCACAG-1,CortBone,Wt
TCGCCTAGATAATTAA-1,Cavity,WntOverExp
TCGCCTATCGACTCCT-1,CortBone,Wt
TCGCCTGACGGCCACT-1,CortBone,Wt
TCGCTTGTTCCAGTTG-1,Cavity,Wt
TCGGAACGTCTGCAAG-1,CortBone,WntOverExp
TCGGACCAACCATACA-1,out,Wt
TCGGACCAGGATCGCC-1,Cavity,WntOverExp
TCGGACGGCCGAGGAA-1,CortBone,Wt
TCGGACTGCCACCTCC-1,Cavity,Wt
TCGGAGCGTTACCTCG-1,Cavity,Wt
TCGGAGTGGTACTTGC-1,Cavity,Wt
TCGGAGTTGTCTTGTT-1,Cavity,WntOverExp
TCGGCACTGGCGCCGA-1,Cavity,Wt
TCGGCGACCTCGCTGA-1,Cavity,Wt
TCGGCGCAGAATGTCT-1,CortBone,Wt
TCGGTAATAGCGGTTC-1,out,WntOverExp
TCGGTAATTACGTGGA-1,Cavity,Wt
TCGGTGATCGCCGGCC-1,Cavity,Wt
TCGGTGTCAACAGGCA-1,GP,Wt
TCGGTGTCTAACCAAG-1,Cavity,WntOverExp
TCGTATAGGAGCCTAT-1,Undefined,WntOverExp
TCGTATCACGTTATGA-1,TrabBone,WntOverExp
TCGTATGCCGGACGTT-1,Cavity,Wt
TCGTATTCTGAGTGGC-1,CortBone,Wt
TCGTCAAGTCCAGGTT-1,Undefined,Wt
TCGTGCCTCGGTAGTT-1,Cavity,WntOverExp
TCGTTAGCTTACTCAT-1,out,WntOverExp
TCTAACAAGCCAATCC-1,GP,WntOverExp
TCTAACCGTGCTAGCT-1,Undefined,Wt
TCTACACTAATTACTC-1,Cavity,Wt
TCTACAGCTGAATCAA-1,Cavity,WntOverExp
TCTACAGGTACGCAGT-1,Cavity,Wt
TCTACATGAACTATAC-1,Undefined,WntOverExp
TCTACATGTCCGACTT-1,Cavity,Wt
TCTACATTGGAGTAAT-1,Cavity,Wt
TCTACTATGCTAGCTC-1,Undefined,Wt
TCTACTCCGACTCGGC-1,Cavity,Wt
TCTACTCGAGCAGAGG-1,Cavity,Wt
TCTACTGTCTCAATGA-1,Cavity,Wt
TCTACTTAGGTTCTTA-1,Cavity,WntOverExp
TCTAGAACTTCTTGCA-1,CortBone,Wt
TCTAGAATTGCGGTTG-1,CortBone,WntOverExp
TCTAGATAAGGTTAGC-1,Cavity,Wt
TCTAGCAGCGGATCAG-1,Undefined,Wt
TCTAGCGACACCGAGC-1,Undefined,Wt
TCTAGGCGGAAGGCAC-1,CortBone,WntOverExp
TCTATGATCGGTGCCT-1,Cavity,Wt
TCTATTCTGCATTGGC-1,Cavity,WntOverExp
TCTGAGTCAGATCTTG-1,CortBone,WntOverExp
TCTGCAAGGACGGCAA-1,Cavity,Wt
TCTGCCTGGATGTCAG-1,CortBone,Wt
TCTGCGTGCTATTCTA-1,CortBone,WntOverExp
TCTGCGTGCTTCAGAC-1,CortBone,Wt
TCTGCGTTAGATAGGT-1,Undefined,WntOverExp
TCTGGACGCTAAGACA-1,Undefined,WntOverExp
TCTGGATATTAACCTA-1,Cavity,WntOverExp
TCTGGTAATCGTCCAA-1,Undefined,Wt
TCTGGTATCTGTAGCC-1,Cavity,WntOverExp
TCTGGTCCTCCACTGT-1,Undefined,WntOverExp
TCTGTACGCTGTCCTC-1,Cavity,WntOverExp
TCTGTCACCGTTAATA-1,Cavity,WntOverExp
TCTTACATTACTTCGC-1,CortBone,Wt
TCTTACGAATCAGTGC-1,CortBone,WntOverExp
TCTTACGAGGAATAAG-1,Undefined,WntOverExp
TCTTACGAGGCCGACA-1,Undefined,WntOverExp
TCTTACGGCCGCAACA-1,CortBone,WntOverExp
TCTTACTGAGACTAGT-1,Cavity,WntOverExp
TCTTAGATGCCTCCGA-1,Cavity,WntOverExp
TCTTAGTCGCGGCAGA-1,Undefined,WntOverExp
TCTTCGAACAGCGTTA-1,Cavity,Wt
TCTTCGCCATTCGAAT-1,CortBone,WntOverExp
TCTTCGTCAGACCAGG-1,Undefined,Wt
TCTTGAGTCATTATAC-1,Cavity,WntOverExp
TCTTGCACCAATCTAT-1,out,Wt
TCTTGCACGGTGAGCC-1,Cavity,Wt
TCTTGCACGTCTAATG-1,out,Wt
TCTTGCACTATTCAGA-1,Cavity,WntOverExp
TCTTGCACTGGTGCTC-1,out,Wt
TCTTGCAGACTGCGAG-1,Undefined,WntOverExp
TCTTGCCACGTTCACT-1,Undefined,Wt
TCTTGCCATCGTTGTA-1,CortBone,Wt
TCTTGCCGGCAGTCTA-1,Cavity,Wt
TCTTGCTCCGTCGGCA-1,TrabBone2,WntOverExp
TCTTGCTGTCCTAGGC-1,CortBone,Wt
TCTTGTTATTCTTGAT-1,Undefined,Wt
TGAACGAATCTTAATT-1,Undefined,Wt
TGAACGGACATTGAGT-1,out,Wt
TGAACGGATCTGGTAC-1,CortBone,WntOverExp
TGAACGGATTCAAGTT-1,CortBone,Wt
TGAAGATACAATCTGC-1,Cavity,Wt
TGAAGCACCGTCATGA-1,Cavity,Wt
TGAAGTATGATCGTGC-1,CortBone,WntOverExp
TGAATGCGGTTATGGA-1,Undefined,WntOverExp
TGAATGGTGCTTCGAT-1,Undefined,WntOverExp
TGAATGTACCTTCGTC-1,Cavity,WntOverExp
TGAATGTTGACATCGT-1,Cavity,WntOverExp
TGAATTATGCCGCAGT-1,TrabBone2,WntOverExp
TGAATTCGTGGTATAA-1,CortBone,WntOverExp
TGACAGTACTATTCTA-1,CortBone,Wt
TGACATTACAACGCCG-1,Cavity,WntOverExp
TGACCAACAGATAGGT-1,CortBone,WntOverExp
TGACCAAGCTGCACAT-1,CortBone,WntOverExp
TGACCAAGTAAGGACC-1,out,Wt
TGACCAATCAGCCACG-1,Cavity,WntOverExp
TGACCAGGTATGACCT-1,CortBone,WntOverExp
TGACCATGTACACTCA-1,CortBone,Wt
TGACCTGTCTATCTCG-1,out,Wt
TGACGCTCACCAAGCC-1,CortBone,WntOverExp
TGACGCTCGCGGTAGT-1,Undefined,WntOverExp
TGACGCTGCGATAGTA-1,CortBone,WntOverExp
TGACGCTTACTAGACA-1,GP,WntOverExp
TGACGGAGTGAGGTTA-1,Cavity,WntOverExp
TGACTCCAAGTCTACC-1,GP,Wt
TGACTCGGCCGACCGA-1,Cavity,Wt
TGACTCTGCTCGCACG-1,Cavity,Wt
TGACTTAATGCGTTGG-1,Cavity,Wt
TGACTTCGGCGTAACA-1,TrabBone,WntOverExp
TGACTTGCACTCACGG-1,CortBone,WntOverExp
TGAGACAAGGACGACC-1,Cavity,Wt
TGAGACAGAAGTGCTC-1,CortBone,WntOverExp
TGAGACTATTGAATCT-1,CortBone,Wt
TGAGATGCTCTAATGA-1,Cavity,WntOverExp
TGAGCATAGTCTTATT-1,Undefined,WntOverExp
TGAGCCGCGTGATCAT-1,Cavity,Wt
TGAGGAATCCATAGAA-1,Cavity,Wt
TGAGGACCACTGTTAC-1,Undefined,WntOverExp
TGAGGTAGGACTACTG-1,Cavity,WntOverExp
TGAGTAAGCGCAATCC-1,CortBone,Wt
TGAGTATTCTAGGACT-1,Undefined,Wt
TGAGTGACCTACTCGT-1,Undefined,WntOverExp
TGAGTGAGATCGCTAA-1,TrabBone,WntOverExp
TGAGTGAGGCACGCCT-1,Undefined,Wt
TGAGTTGTCCTCGCTT-1,Undefined,WntOverExp
TGAGTTGTTAGCACCG-1,Undefined,Wt
TGATAGGAGCATCAAC-1,Cavity,Wt
TGATCGGACCTGGATG-1,Cavity,Wt
TGATGGAACTAACGAA-1,Cavity,Wt
TGATGGTTCCACTGAT-1,Undefined,Wt
TGATTAGAATGACATA-1,Cavity,WntOverExp
TGATTCAAGATCGAGC-1,Undefined,WntOverExp
TGATTCGTCTGGATCT-1,CortBone,Wt
TGCAACAGTGAAGCTC-1,Cavity,WntOverExp
TGCAACGTTACCTGGT-1,CortBone,Wt
TGCACCGGTCACCTCC-1,Undefined,WntOverExp
TGCACGAGTGTCAGCC-1,Cavity,Wt
TGCACGCTCCTATCCG-1,Undefined,WntOverExp
TGCACGGTAGACGGTA-1,TrabBone2,Wt
TGCACGTAGTTCGAAG-1,Cavity,Wt
TGCACGTGATTATCAA-1,Undefined,Wt
TGCACTCCAGCTACTC-1,Cavity,WntOverExp
TGCAGAAGCAGTAGGC-1,Undefined,WntOverExp
TGCAGAATCGGAGGCT-1,Undefined,Wt
TGCAGACGAACCAGAT-1,Undefined,WntOverExp
TGCAGAGGTCGTAATT-1,GP,Wt
TGCAGTACAACGAGTG-1,Cavity,Wt
TGCAGTCGAGCACCAA-1,Cavity,Wt
TGCAGTTATTCCACTC-1,TrabBone,WntOverExp
TGCATAAGTTCCTGAA-1,out,WntOverExp
TGCATTAATGGCCACC-1,Cavity,WntOverExp
TGCATTCACGTGTACT-1,Undefined,Wt
TGCATTCGCCAGCGAT-1,Undefined,WntOverExp
TGCATTCGCTACAATG-1,CortBone,Wt
TGCATTCTTACGGAGG-1,CortBone,Wt
TGCATTGCTGTCGGCG-1,CortBone,Wt
TGCCAATCCATGTCTA-1,Cavity,WntOverExp
TGCCACAATGCTACCG-1,Undefined,WntOverExp
TGCCACTCAACCGGCC-1,TrabBone2,WntOverExp
TGCCACTTAAGTGATG-1,CortBone,Wt
TGCCAGCTATTGTAGA-1,CortBone,Wt
TGCCAGGATGAGGTTC-1,Cavity,WntOverExp
TGCCGAATCAAGCGTC-1,out,WntOverExp
TGCCGACGATGAACTG-1,Undefined,Wt
TGCCGAGTTAAGAACG-1,Cavity,Wt
TGCCGGAACTTAGGCA-1,Cavity,Wt
TGCCGGCATTATAGAT-1,TrabBone2,Wt
TGCCTAAGTTAATTAT-1,CortBone,WntOverExp
TGCCTATCGGCTATGT-1,TrabBone2,WntOverExp
TGCGAACATATCGGCT-1,Undefined,WntOverExp
TGCGAATTCTCCGCAC-1,CortBone,WntOverExp
TGCGACTACGTGCGAG-1,Cavity,Wt
TGCGATCTTGCTCGAT-1,Undefined,Wt
TGCGATGTGCCTTGGC-1,Undefined,WntOverExp
TGCGATTAGCTCCGCC-1,CortBone,WntOverExp
TGCGCCGAACGGACTC-1,Cavity,Wt
TGCGCCGATCGCGAAG-1,Cavity,WntOverExp
TGCGCCTCTGGCTACA-1,CortBone,WntOverExp
TGCGCTCATAGAACGA-1,Cavity,Wt
TGCGGACCATGGTACC-1,out,Wt
TGCGGACGATACGGAC-1,Undefined,Wt
TGCGGACTCACGTGAT-1,Cavity,WntOverExp
TGCGTATCTTGTACCG-1,Undefined,WntOverExp
TGCGTCTGGATCGGAT-1,Undefined,WntOverExp
TGCGTGTCGGCGGATA-1,Cavity,WntOverExp
TGCGTTATGTTCCGGA-1,CortBone,WntOverExp
TGCGTTGTATTGCCTG-1,Cavity,Wt
TGCTACTTGTGGCTGG-1,Cavity,WntOverExp
TGCTATAATGTCGCTG-1,Cavity,Wt
TGCTATCCATGTAATA-1,Cavity,WntOverExp
TGCTATTGCGGCGTGG-1,Undefined,WntOverExp
TGCTCAGATTGGTAGC-1,GP,Wt
TGCTCCTAACGGAAGA-1,Cavity,Wt
TGCTGTATTAGCGGTC-1,GP,Wt
TGCTGTCAGAACGAAG-1,Cavity,WntOverExp
TGCTGTCTTGTTAATG-1,Cavity,Wt
TGCTGTTCTTGTCCAA-1,CortBone,WntOverExp
TGCTTACTCACCGGTC-1,CortBone,WntOverExp
TGCTTAGCCTGTTGGT-1,Undefined,WntOverExp
TGCTTAGCTCCTGGCT-1,TrabBone,WntOverExp
TGCTTAGTTGACTTAC-1,out,Wt
TGCTTATGACGCTGGC-1,Cavity,Wt
TGGAAGACGTGAGTAG-1,Undefined,WntOverExp
TGGAAGACTAGTCTTG-1,TrabBone2,Wt
TGGAAGCCATAACAGT-1,GP,WntOverExp
TGGAAGCTCCATCGAC-1,GP,WntOverExp
TGGAAGGTTCGCTTGC-1,Undefined,Wt
TGGAAGTCTGGACTAA-1,Undefined,Wt
TGGACGCCTGCGACCG-1,Cavity,WntOverExp
TGGACTGACGTACCAC-1,Undefined,WntOverExp
TGGAGTGAACGCGGTC-1,Undefined,WntOverExp
TGGAGTGATGGCTCTT-1,Undefined,WntOverExp
TGGAGTGCTCCTGATC-1,Cavity,WntOverExp
TGGAGTTGGTGAATCA-1,Undefined,Wt
TGGATCCAGTCACTTC-1,CortBone,WntOverExp
TGGCATCGATCAATTG-1,Undefined,WntOverExp
TGGCATGCGTTCACGC-1,TrabBone2,WntOverExp
TGGCATGTTCGAACAG-1,Undefined,WntOverExp
TGGCCAACATTCTGAG-1,Cavity,WntOverExp
TGGCCAAGCGTACAAG-1,Cavity,WntOverExp
TGGCCACTCCGCGGAC-1,GP,Wt
TGGCCACTCCTGAGTG-1,Cavity,Wt
TGGCCAGAGTATCTCC-1,Cavity,WntOverExp
TGGCCAGATCCGGACA-1,Cavity,Wt
TGGCCGTCTATCAGGA-1,Cavity,Wt
TGGCGACACTGCCGGA-1,TrabBone,WntOverExp
TGGCGACAGCACGGCC-1,Undefined,Wt
TGGCTCCGCATCAGAT-1,Cavity,WntOverExp
TGGTACCAATACTTAC-1,CortBone,Wt
TGGTACCAGATTGTTA-1,out,WntOverExp
TGGTACGGACGTAGTT-1,Cavity,WntOverExp
TGGTACGGTCGGCGAA-1,Cavity,WntOverExp
TGGTACTGGTATCTTG-1,CortBone,WntOverExp
TGGTAGCATCAAGTCT-1,CortBone,WntOverExp
TGGTAGCCAGTTGACA-1,TrabBone,WntOverExp
TGGTATGCAAGTCTAT-1,Cavity,WntOverExp
TGGTATTAGCTAGACC-1,CortBone,Wt
TGGTATTCCTAGTCCA-1,CortBone,WntOverExp
TGGTATTGAGTTGTAA-1,Cavity,Wt
TGGTCGCCGGCTTACT-1,CortBone,Wt
TGGTCTCAGAATGCAC-1,CortBone,WntOverExp
TGGTCTGCTCAGGTTG-1,Cavity,Wt
TGGTGCACGACCTTAG-1,Cavity,WntOverExp
TGGTGCAGACCGAAGT-1,Cavity,Wt
TGGTGCAGTACCATGC-1,Undefined,Wt
TGGTGCCGCTGCAACA-1,Undefined,WntOverExp
TGGTGCGAACGTGGCG-1,Undefined,WntOverExp
TGGTGCGAGGTCGTAT-1,TrabBone,WntOverExp
TGGTTGAACACGCCAA-1,Cavity,WntOverExp
TGGTTGCCTCCGGCTT-1,Cavity,WntOverExp
TGGTTGGCGAAGCCTT-1,Cavity,WntOverExp
TGTAAGGTGAGCGACC-1,Cavity,Wt
TGTAATAGCCGATTAT-1,Cavity,WntOverExp
TGTAATGCACTACGAG-1,Cavity,Wt
TGTAATGCCTAACACC-1,out,Wt
TGTACCAATATTAGTC-1,out,Wt
TGTAGGATCAGAGCGT-1,Cavity,Wt
TGTAGGCACGTACCTC-1,Undefined,WntOverExp
TGTAGGTCTGAACGCA-1,Cavity,Wt
TGTAGGTTCTGGCTTA-1,TrabBone,WntOverExp
TGTATCACGGTGGAAC-1,Undefined,Wt
TGTATCGGCGGTCGCA-1,Undefined,WntOverExp
TGTATGATTGTAGGTG-1,out,Wt
TGTATGCAGGATTCAC-1,out,Wt
TGTATGCCTATCTTAT-1,Undefined,Wt
TGTATGCTCGCCTAGT-1,Undefined,Wt
TGTATGGTGCCAAGGT-1,Cavity,Wt
TGTCAACTCATCAACG-1,TrabBone,WntOverExp
TGTCAAGCGGATCGGT-1,GP,Wt
TGTCACAGACGTATCC-1,out,Wt
TGTCAGAAGTTGTAAC-1,TrabBone,WntOverExp
TGTCAGTGGCTTCCAT-1,Cavity,Wt
TGTCATCCAAGCTGCG-1,CortBone,WntOverExp
TGTCATGCATGAGCAC-1,Cavity,WntOverExp
TGTCCATGTATGGAAT-1,Cavity,WntOverExp
TGTCCTCAACGTTCTA-1,Undefined,WntOverExp
TGTCGAGTGCGTTAGC-1,Undefined,WntOverExp
TGTCTGTAAGCGAACT-1,CortBone,WntOverExp
TGTCTTGCGACTAATT-1,CortBone,WntOverExp
TGTTAAGGAAGTCTTA-1,Cavity,Wt
TGTTACCTATTGGACA-1,Cavity,Wt
TGTTCACTGTCTTCCT-1,Undefined,WntOverExp
TGTTCAGAACGGTGTA-1,CortBone,Wt
TGTTCATAGTATGACG-1,Cavity,Wt
TGTTCATTGGTCCAAG-1,GP,Wt
TGTTCCTCACATTAAT-1,CortBone,WntOverExp
TGTTCGCAACCGCCAA-1,out,Wt
TGTTGCGTCCAAGATT-1,Cavity,Wt
TGTTGGAACCTTCCGC-1,CortBone,WntOverExp
TGTTGGAACGAGGTCA-1,Cavity,WntOverExp
TGTTGGATGGACTTCT-1,Undefined,WntOverExp
TGTTGGCCAGACCTAC-1,Cavity,Wt
TGTTGGCCTACACGTG-1,CortBone,WntOverExp
